Wallet,Name,Twitter,Pledged Tokens
0xC7cb454CEFD11A346C5307D4865b5bB687aaad46,51991,51991eth,1000000
0x18A428CE0c31584a21CF8ceFDb8849d8013E1994,!Xabbu,0x_5_3,1000000
0xd15d229Fd52240F8030Fa4694294189ED1DfBE4d,#1 crush,num1crush,1000000
0x071642731357694B43567E961C6B99647962A8c7,0009,_0_0_0_9_,1000000
0x1F97C3e6Eae10e5A6D0897f3f26b055693b4Cf18,0x20,cryptospaces1,1000000
0x1E815a8188F1b84564577C1c998f7E6B4706B752,0xAllen,0xAllen_,1000000
0x2ab6a645a9c95217486610aef128647dc6711ac5,0xartur,0xartur,1000000
0xD34788e2F96758972C27678725808E50eF843f01,0xdelo,0xdelo,1000000
0xa76b00d8fE77807edC51a87DBCEAbb623701d9D7,0xEND,0xend,1000000
0x066b96c7d6bb8e969bde0782485ecb5403f41710,0xsalv,0xsalv,1000000
0xBEf71a17d8813481F1Cb4DE4d02Ccfc3a27E43A5,0xThinkers,xthinkers,1000000
0x6cB25D5434B95A702E4b82b354703E9a3711F080,10x,10x_it,1000000
0xe73EbE7F5D5DfA7dEdbf419a4658dF486108fcD9,1ashtray,cryptoscraft,1000000
0x465FF8830Cc567452cCb449f03D120D17E8EDF5b,4chanintern,4chanintern,1000000
0xdD7C9B8f06A6290404573AD3276D6b43D6261AEE,7elevenintern,7elevenintern,1000000
0x69b02E16F3818D6211071E08E19f42944B90D1E7,7lcm7,7lcm7,1000000
0xb74893598C88AEa4ba778F1A4EdEFcbD998496e9,7YYY1,Adilose_qr,1000000
0x769cfDba1E0B6d607Dab8ffCbe685Ba1A142cD05,8-Bit,0x8BitArt,1000000
0x8dCbfe2B5A7c9b6A7a3DE0F69341A966A729c7A4,A. Moret,installationmagazine,1000000
0x2Cfa2aD0c4a8dAe1248C35096F812beb014A514A,Aaron Blaisdell,aaronblaisdell,1000000
0xb965603c7D99ce1dACd91EecB8CA9C0D061b4c60,abamba,abamba,1000000
0x7858F91c6752400F2234584A25006335bE6D09Bb,Abfro,abfr0x,1000000
0xBE18b77B7045d42505452A223a4089c7A257c093,Abrahanny,Abrahannyr,1000000
0xe21e1768dafdB86dBA2C93e9B34bdC9f13464a69,abroegger8,alexandery_b,1000000
0x1F41d663B8428986F0d0a2147b903C37419de265,Ace One Design,aceonedesign,1000000
0x708aC82707b1b8DdCc0Bb8C50c75c38e786CBeCe,achimh,achimh,1000000
0x10C43F2f8a9436106E91960592A9723378C0A0ab,Aerson,aersonjr,1000000
0x241b0BcC73eeDA701Dafab609793506B355b5cc6,Ahan,Alkan_786,1000000
0xA40d16c95D20b464088C23b76C81Da1356254EF2,AIMAC,Aimac111,1000000
0xccC96f5B11ad946D34075B998c21D3A4f504274b,AJ,aj_degen,1000000
0x30A8E38FBd9e778ddAc2a4a02cd8129bb50BbA8A,AL,AYEL808,1000000
0x70eCA2140A31A97343dbA5434FD735D3377f3D95,Aleks,aleksinweb3,1000000
0xfBeB914c3C9B7a193C92De130A18716097478332,Aleks_,FirstNFT,1000000
0xd6406c9838E1423d14A6dfc1bFD6A1c307608DA3,Alex,0xalexjbb,1000000
0x4Be539C024A68Ca4479e6C67BfaBdBda94926Eba,Alex V.,Medolino007,1000000
0xc5315628e03ce0d6736867698543fE0d30F871D6,Alex_hunter20,alex_hunter20,1000000
0x0878571fBc59d83D2067CD84aCa03D484d46847a,alien420,alien4204204201,1000000
0x7D03e3E2C833018eE3a8cFcf3876296a2186696C,Allant,meesternft,1000000
0x281b939E781b7C7ddCf9d2Dc3C9C90825ff10A81,AlphaSweep,alphasweep,1000000
0x91c8821DE09150168eD54FC9882032a6c7cA2719,Altisimo,altisssssimo,1000000
0x8c1F8159C5b185a934a201Eb0F61Acc98afA0257,ALX_STH,ALX_STH,1000000
0x2fc41bcf363b80b1a98ac14a8e8bc091bd8c2366,Ambro,_Ambone_,1000000
0xF08889f3b4f5A56482Fc295db2fFC7301F888cA0,AMcCarroll,alexmccarroll,1000000
0xCe0135C1BBCe202075D03e51044a56B44aA1Ed35,Anasi,chistyakovva instagram,1000000
0x0FC1c3004c16E24195279Fbca20a49592E7018c2,ancosero,ancosero0x,1000000
0xc9b4E422Bc97DC073c917E2d01b9B3D3F269f467,Andi,a_berghammer,1000000
0x433fda9d0DDc52188Cfac0e4df7cda187CeaE902,andrew,_awhurst_,1000000
0xb5A5f243b3830E64F1d5C9EB1028664f881931f4,andrewagner,andrewagnereth,1000000
0x2569b43EEecC00B895ce14351d2Ef47dA7288930,AnglerPunk,anglerpunk,1000000
0x6694F5Cb8F80320024A9c141C7E3F8fc503cA362,anirveda,anirvedas,1000000
0x7cB9b23f78A4CFAFD3605eF19850030fB40A7475,Anna_allsaints,anna_timeorder,1000000
0x74368843eaf18052D10dDe4Dd143d5d64DD2515D,AnnaAlankara,anitax31. Instagram,1000000
0x88452bE7Bc0565E7953d6eBA1ce16F0D0A35cD4C,anon,anon_rip,1000000
0x74715e12d34706Dc93DF96D2D8e813fb06Af146A,Anon333,gamypto,1000000
0xb2454F13c40E75cE415897F255ef8a33c6C6F469,anontoshi,anontoshi,1000000
0x497056B9E7832eeAdb26C80724Eb79D7AD0ca77D,Anz,anzomez,1000000
0xB8d0bcefE39e41b95D4498b26BCd6B04C80462d4,apmike,ahmycoah,1000000
0xf83f152dA39990BD5B43AE4576B2af1445930a08,arab,Alexey659388,1000000
0x64770fb2B08481B7336A770013B9Dbc5FC1b6F69,aranthus,aranthus,1000000
0x668E961736454a2444ADB485340cB7F0844DDd3d,Ares,ares_gods,1000000
0x7170e4e7996682ee5e1a1548e179dda5600c2e5c,Arkaydeus,arkaydeus,1000000
0x0FB3fA40850C1E472B6eCED8FB10781763D42193,Arnold Toadzenegger,bobbyseitz,1000000
0x9F6ae0370d74f0e591C64cec4a8AE0d627817014,Arsonic,Ars0nic,1000000
0x239AeBeF9ADF577B90dd8882dE6F610CEbd34beE,Art,ArtKaroon9,1000000
0xEd498E75d471C3b874461a87Bb7146453CC8175A,Artem,Arvolear,1000000
0x4C9b3B18a54e59b23A75250425670E6a7467D225,Arthr,arthr,1000000
0x564Cd5E7D7E2dcFEDB7F186f39262bc60C93565f,Artysiq,artysiqsats,1000000
0x76065Eb77c71A820F7f6bde1bF5331c4914deb8a,Ash2Ash,ARavanmehr,1000000
0x42b5195bAc762518114638580631F3039b570126,Ashton Tekno,ashtontekno,1000000
0x1169ec1E84817a0989CBe398b43a430eB5396782,Astalgi,bowieisinspace,1000000
0xC4602676Af63AF3762a5701C279aE3CA4c09f087,astamcloud,astamcloud,1000000
0x37A4d5f691aE46BDEF3Aa3615332f0D446d3B686,ATS,ats_nft,1000000
0x1c21230D4A2E920d11655CC6AFE567eE38bFAcda,ausdemaus,ausdemaus,1000000
0x85667Fe20280ED627243DAf166555503Bed11779,avacrypt,avacrypt1,1000000
0x41DD1c6338e5b3cdF9Dc69e20DaD9834aE36A6D3,Aventurine,aventurine_eth,1000000
0xff0C998D921394D89c5649712422622E3172480C,awitize,0xAwitize,1000000
0x6D66A6Fe76dF6418136e9e6F7AF9fD7e76e52205,Axaos,axaos,1000000
0x73121840898f1c0369d633DDD8B3230211ed0C60,Ayrifik,AyriFik_,1000000
0xE90988f9B86e2658FED39069f535DDc0Ff0736c8,Azerty Betamax,azertybetamax,1000000
0x2d0DDb67B7D551aFa7c8FA4D31F86DA9cc947450,AzOgZ,azogzz,1000000
0xA03EbABDEa8F08D3C0Abe3916CF66D4FBF1aD683,b1337,b1337art,1000000
0xbC73b021c2B73cBe7fbd3aEE756202D4609f2906,Bageta,Kristofu_34,1000000
0x547a4eb481DEc372eBd6e9190a79c6dAB883290C,Baku,bakuartiste,1000000
0x6c931dEDCC09d6EC05f4F1B9FfdC5c81dd53Efa2,Balyan,mattlabart,1000000
0x850406d0b09867A22aeCBAddB7daf20EC20Bc750,Bankart,bankarteth,1000000
0xc9Ec8e13D94abCc1663c18B4Dd9902E7E83771C7,Banxbuw,elmopar,1000000
0xD0480eF4DCBB58498137c8243f7E5AE240A45C1b,Bash,X__BASH__X,1000000
0x72C575aFa7878Bc25A3548E5dC9D1758DB74FD54,bastiboii,bastiboii_eth,1000000
0xdC08FFE9a28836fE9948f82de6bF3E514F4232aA,bbdefender,bbdefender,1000000
0x293561E09aA81557B4A02e613ca5D58D79caeBfb,bclever,bclever_nft,1000000
0x4A85a46aEe0831C6D6aC2775542930c860A54695,Bdez808,web3bdez,1000000
0x131009DECd27dd045900d864A8a5635F15739639,Beardguy,Beardguy53,1000000
0x5179E27381a79dCBD2C5D0279af7eF1A8c46F854,beautiFool,Beauti_F00L,1000000
0xe19843E8eC8Ee6922731801Cba48E2dE6813963A,behold3r,0xbehold3r,1000000
0xe6Ba7CE1bBd7b811d891C2D4C09D7295bb96752c,Beholdingeye,BEH0LDINGEYE,1000000
0x63c9a867D704dF159bbBB88EeEe1609196b1995E,bejega,huno85,1000000
0x75C84C7B446cEBBb3830E3D64A042599b884C83a,Bennyxyz,bennyxyz123,1000000
0xE43b977928507733A00823117D1a804a4729168f,benzwong,benzwong,1000000
0x9af52329437360323D4794F6f75FAD4fE3b3599A,Bernie Straw,bernie_straw,1000000
0xeEba50E9F367CcA41dBB8aa6EF5CCcfdAC80A18B,Betaplux,betapluxx,1000000
0xFA1B867A9A2AD93F186eeF6E364dfa6548Ca8F43,bewise,dazzlercoin,1000000
0xD0c2D51620ae24763b6A1AfDEd3AcEfBf6e2fCa1,BiggiePoppins,BiggiePoppins,1000000
0xf86b8b8d3433de1514cb36eff3bd6ff8f707c2a2,BillyBob Burrito,imagine_sme,1000000
0xBCaE7cdbf72B59fAcf78FA0a8F4D4e367620df21,Birdie,Anonfriendsnft,1000000
0x2E1f844169015b8995B8606D568E6A7ed220D53f,bitcnoi,bitcnoi,1000000
0x87aad0e9f63163bd718e653bcc16ac1f10160a13,bitm00n,bitm00n1,1000000
0x41e37f8705487b20F89b4AAbF9F03A9AF1699c85,bitprop,cryptobitcoin88,1000000
0x130Ebf09F40B3F64b99F1313C2e4B5878852b684,Bjorn,bjornNFT,1000000
0x63fdeedf7d780f52cc3bbad669cfc2dc4dfb59e1,BK,barrett_koch,1000000
0x7153Cad53deB0D570453dCbc859c3FAE683cD277,blackmesa.eth,blackmesa_eth,1000000
0x8581aCdcaF078dB5c08De91278fFc06c9a8A003d,bLee,bLeethras,1000000
0x221e438E4A8Fc6569457bAe62CbCcDb8b5b02a93,blockades,blockpal12345,1000000
0x6B67623ff56c10d9dcFc2152425f90285fC74DDD,blockbird,_blockbird,1000000
0x5E410258a1e5E66a8dD9eDC583593a90505b0978,Blockchainhedge,blockchainhedge,1000000
0x09e557999346e9dDf77C74Ab449FF45370c69564,Blokculture,Blokculture,1000000
0x417E13EAB409330BE1cD28561Eb3fc86A384328D,Bluezo,BlueZoh,1000000
0x421aD3047314D555e4Ca99a49f0F4025796cfE51,bochbet,bochsubs,1000000
0x0D089502812C10A8d2d7c8a4BE39254B5425ADa4,Bogdan,Obi_The_Bull,1000000
0xEe9b3476b970e79BE3Bff57985d0D08752FD9480,BojangleGuy,BojangleGuy,1000000
0x7915e43086cd78be341df73726c0947b6334b978,bolt,boltsandtweets,1000000
0x9461c5330bc6b672f38DbAd5660EC3262b1Fb6BC,Bombi02,bombi021,1000000
0xa69bd5f132318a91faB0BCa7D001d2040534a4e4,Boona,boonaeth,1000000
0x947fF1d931Db1035282CBD45BBc7AA6B6A7825aA,BountyHunt3r,bountydeathbot,1000000
0x5ad7C04825C9E041551ACC5257Ce04328Fb11A8c,Brett and Butter,brettandbutter,1000000
0xdD54e6edaFfE9547E144c3ECcdaf7FacF1B0db84,Brianhc,Brianhc,1000000
0xC88E2C61c059d8adc7D4bc716562f336bA8FFb8e,Brickem,outfitfromabove,1000000
0xE7Eb221a9037D5Fd7eA857948A1E6bE6B21bd44a,Brynn Alise,brynnalisephoto,1000000
0x07A19194cbc1b4eB3fF040471A0ef86C6909e830,bthemouth,bthemouth,1000000
0x909d3C000baa83a64811eC0f41da55ec0EbB8A67,bubits,bubits_,1000000
0x8A89a851522B00AEad72eB69584D14fa616038a6,Bullish,bullishNFT,1000000
0x2cae0Ac9a7A7048516868AAd672C49AB632B38c8,Bundo,bundo_eth,1000000
0x84eb5c6a9bfe8b0EF8e4b6491C7d88cf929F070A,Burnsy,Wgmichad,1000000
0xd6d1Ef5351C3830A03b3FF83325DEffBe97317EF,burtonair,mikewunyc,1000000
0x079638f36deda50612924d7a940e5148fc649ef0,Cactus44,Cactus4477,1000000
0x98cBa78Ba705EfAA9C9D9015b5c95Ba1E2c3b2Cd,cadmonkey,cadmonkxy,1000000
0xf74Bb54823E60604d7e961444A4bEF4Cecc67c97,CakeProphet,CakeProphet,1000000
0x51132CE68A3D3e4ef6D031403E552F100A0bE86A,Calderfunk,Calderfunk,1000000
0x413d825fd9df5c6a02a9558a75287c70046fe778,CanIBeefYourTaco,pimentopacking,1000000
0xe5dB01c9D588EDE7C9939753fb877Ebe296Ba529,Capo,CryptoCap97,1000000
0xA12579ABe4c3756b2F8a183BBA6c5C32bebDa494,Carcharodon,punk6482,1000000
0xEbD1d69a90D46E63bA2E2e09c61f6B37A4D07c79,Carisne,carisneeth,1000000
0xF5BF73e0aF4aA9F34e42314F75EfA73cF2408E83,cash2me,Cashdavid5533,1000000
0xc53bBe7AB8198349Bd2107B8Bf0F15411Fd53dc2,catalina,catalinaarangoc,1000000
0x8433058e14772c81235077E744Dde09514f1BfA0,Cav,cav_dc,1000000
0xA2B44F81744c91d24be05236e4f065481D4Cbb3a,CED,cedssim,1000000
0x09C52C99e701304332B5998227f07D2648e8a72c,chagozzino,chagozzino,1000000
0xdD20C07E58EA116d578182f27C144Def1e318050,Charlie,ogallanoby,1000000
0xDdFd836f7c9e42055b1F6CEB005fEE4C7882f161,cheesebiz,cheesebiz,1000000
0xD08786736Bde9dd87A1Bd0c0c313Fe544BCCdb71,Chenzyl,namch3n,1000000
0xcEe8eF3a9773d2aA6429A8b6d899969099B1fd98,CHEO,_xCHEOx_,1000000
0x2882898129bfB577f756350d8443265038FCe7cc,ChiefNoodle,thechiefnoodle,1000000
0xE66cbDb2d99FBf9cfcE49598A0a71b0C362FD2C9,chikin,ic3s0up,1000000
0xD378455B23Ae125626f044AC14f52F2573704c41,Chilli,ChrisSchutz14,1000000
0x96F752893C9C40611F20C962871067D0Ff235475,chillwave,elelgy,1000000
0x01e0C7b70E0E05a06c7cC8deeb97Fa03d6a77c9C,Chillzone,chillzzzone,1000000
0xd42D71C83205e59Ba0E2dFe7981D9c62Af9b4493,chimpish,17061981eth,1000000
0x7d6dEC649330D49a062A5b565D7Cd73476125601,chiz181,Ruslan82589406,1000000
0x20Ee31efB8e96d346CeB065b993494D136368E96,Choyna,choyna_x,1000000
0x15A0c0FbaBf38D5bA219f299B432A92BF4a6BAaB,Chris,ChrisLivermore9,1000000
0x2078022bD25e467483C0a691dCEAcB5C3ADfC705,Chris,ChristianS43857,1000000
0x29076261A400A9c94BA53bDD97abD89329d4707d,Chris P. Bacon,chrlzzyy,1000000
0x709C13074ed89A5d8efE996b4F1e2315d833F431,ChrisKey,ChrisKey333,1000000
0x83482fE7A166dC8B20144C4821AfCE4E710C5948,Chrizzable,chrizzable,1000000
0x6CF7f0cF30B4C247873aEFbecfC68Bfa7a88F231,Cinimini,0xcinimini,1000000
0x58fbf9cbDC92E6F036F4c83483A8A88DC0DfAA89,Claudiamirka,ClaudiaBurner,1000000
0xc55eAC912227Ee228e6e63867EA3a2bc9BB3D3f1,claudiovieira,caco_crypto,1000000
0x95607E95b3e2cdc1E31a556536C24993f05Ac42e,click0668,click0668,1000000
0x27316D50598B15823974Ef1af7272c32d0fB7433,clubcorey,coreythorn,1000000
0x49E389E7ef5A16533606fd5228cB4cA1dE02ce83,cmbarce,cmbarce1,1000000
0x5B347cBD34E8195e8b7B0Fc3ECcFa05cB2e44b76,Confugen,confugen,1000000
0x25255a36287c9DF4B2363Fd9F998CEEc7F12BEf0,Conny,conny3333,1000000
0x863a6EfECf139eE6936123dB2B830Fe58e05B724,Contraindicator,Trader88EMP,1000000
0xBc820AA15AC023898048d2088Ab5269f295Ce384,CopeingMeKenIsm,CopingMeKenIsm,1000000
0xb8cEB1a4033088C6eE25978C561bBDc0A58d1B33,Cossi,Cossishop,1000000
0x001aBa7087F49a135FFB121A40684416824E9C34,cowboycowboycowboy,cowboycowboyetc,1000000
0x2a5FD6705f41efBB190679feaeF3FF01B77Eb131,CPT GM,CPT_GM_,1000000
0x538CE85CCf6080CEc960bC5341787691217c4D97,Creaoy,creaoy,1000000
0x0dC29DF46aa9C88d11Da59206db700fE6F505000,Crispyone,realcrispyone,1000000
0x396D11058882a666dd27c1a86E8aB303E9F580BB,CrunchyKing,CrunchyKing9,1000000
0x2dC58f7Cb47B5bc558B6b0D80a03a921156BA4FC,Crypt0Cat,Techno99999,1000000
0x5D5C9503eb329A3927051DAb9948681E4efF2cb7,Crypticraphy,crypticraphy,1000000
0x3FF6b10C8eC920F70E5aa37Ac48958a42Bf86F7e,CryptoActor,Crypto_Actor,1000000
0xd55792EcAd77DFcB1d740970A09fa98A3E8B3E3f,Cryptoboomer,SKYCRYPTOBOOMER,1000000
0x938402D50E18c603BBf7CC9EC00482f20452aDAF,Cryptofablo,Cryptofabloeth,1000000
0x1B4526C51330dC7613F10d1e662354fe82171913,Cryptolady,Manu_1971_,1000000
0x19AA8a1018a8aD2C665Dbcef4eD635c16C1d8ca8,Cryptoleon,cryptoleon_xyz,1000000
0x53144CBbf9fcD0E6eC2A6A791dE33B11b8e38d5A,Cryptologist,cryptologist99,1000000
0xb058E2ec6B8b6D46E2B621e6Cfb637f7e77530D1,CryptoNFTManiac,CryptoNFTMan1ac,1000000
0x6d7e93dC6D159BDAC80955BA90b40AdBF3aF2bc7,cryptopenks,cryptopenks,1000000
0xa9e2Afb1fAe545ca53C15E49F07847C23dd03e74,Cryptorenner,Ape__Inn,1000000
0x7A113CC16828eBC1d1D95B8BeD3655D5f7c8C80C,CryptoSeixas,ThiagoSeixasBtc,1000000
0x78Ffa27D122043874DBE879B7173180FeD3ccf1D,Cryptui,Cryptui0x,1000000
0x566532E4b69af72f22A95F9F8f3F08744DF6a9a9,cssis,cssis_,1000000
0x1F8cB86C691a51F83Ab9ED18bea5C5e1D59Fa7b4,ct613,ct613_,1000000
0x8B4eA4e83703ADaaddcE2AE37007df734B8Ff654,CultOfCorvus,CultOfCorvus,1000000
0x6f37296BAA68779B4902db0D23d74f5093d1F00c,Currycutty,Cuttycurryy,1000000
0x78495152a188c643188c9da24eBef5bc6B0bF6C2,cyberh49,cyberh49,1000000
0x73E4a2B60Cf48E8BaF2B777E175a5B1E4D0C2d8f,CyberPnk.eth,Cyberpnk9462,1000000
0x9eE5E3Ff06425CF972E77c195F70Ecb18aC23d7f,Cybourgeoisie,cybourgeoisie,1000000
0x91f3ACF393dE794E7291FBF36DFc408Da617cfF0,Cyphr,CyphrETH,1000000
0x30a67598d6BD1c1D5fac50f2d35c9e2bE4d90F2d,d3aler,d3alerxyz,1000000
0xA478E7a8792b584845CfE27819761e16422154b4,daLenz,_daLenz_,1000000
0x9995F95e402Fbe3cC7A99800387C83CC08E5A148,Dan,danrosario_eth,1000000
0x900E7aD1ab18CeBb4c21F71795364E9B636831CA,Dan Polko,DanPolko,1000000
0x42c0D0c0B39DEcbbeC20c93076e675124CBE9711,dangerz0ne,1dangerz0ne,1000000
0x73D33D73ca402c7986ae15Fd210A9b002D80b8B9,Daniel,0xSlothETH,1000000
0xf40872ac67b71779Bc6DFC4719EafedC19fA4922,Danlt,Danl24044761,1000000
0xF85f9E28e0551882460e7d047Eda33973753aB0b,dannygreene,dannygreene,1000000
0x990B86889D561dC15baF5CBe0670Cc2F13396D28,DappPunk,DappPunk,1000000
0x2Ac4E93EFA49aE61dBfA89Eb2dbd72722b59ff2B,Darcy,gmcryptodarcy,1000000
0x585ebfCAd82A7de814290FCf5aC7F929c5411409,Dark0,dark0eth,1000000
0x2b2bAE06bfe5B2112Bb484AaC58878F017F7299B,dathisper,dathisper,1000000
0x80399F0EA2644839DC5F581fD3A021b0951A2Fbc,davidan,davidan,1000000
0x778252Bb7ae572Cb00F2C6EF632e9D7fA1f9b310,Davidson,Bobbyy57750352,1000000
0x51e35355097c6758EA111fD9b6f824F2ae63704e,Debussy,Debussy100,1000000
0x406daB65f990678cfa0c8B71a570AeC1C9358211,Decay,d3cay_w3w,1000000
0x9F35AF4727FB91114563D8A8f779A792cB557f3f,Deconstruct,spydenator,1000000
0xcc806728Bc66Ee8D5fa7C8fE4Bcdd11a36bD4515,DeFiczar,deficzar,1000000
0x6CF0A838cC196f00a1e3DC8fC65Ba416EA66d89a,degenboi,axrdrop_eth,1000000
0x973A10DfdE2Eb23707a613C9dBF06EA12cd6c00C,Delmond,Delmond_eth,1000000
0x5fC13C5A541041f8fa12fab492D064435eB8d2F5,DeltaSauce,delta_sauce,1000000
0xcF6f5A68d94165081A634AdA997BE3A93426C467,DeMar,Punk1376,1000000
0xf8aF5CF6d1DC53c6063bFFC3907a2E03a40a04bA,Demian,dcl_demian,1000000
0xC8364dAFB8FC5b76DF5C2eCe8f6bCE69B029389D,den1980,Shara895968,1000000
0xF6852Df0c0A18AC3a4CB4B5D470895F86d3861CE,Denis17,d_denis17,1000000
0x5306491FDeE02dB10D8F362aE1D55FD862428273,Deon,DeonteDen,1000000
0xD1edDfcc4596CC8bD0bd7495beaB9B979fc50336,dievardump,dievardump,1000000
0x0aCaDD5D3E7E2BCa0B243B656744CD928F00B212,Diffraction,diffractionator,1000000
0x5E0a0224291613e42100fACFf4586eC8bcECb244,dima66,eyes1closed,1000000
0x976982fd041E39469F7463752f542A903fd61AE4,DimSumMaxi,DimSumMaxi,1000000
0x12BCF162bcaaB6C6F829dcaA5026D72aF956864c,Diss,DissNft,1000000
0x9fA3dc85C36C84E2be1C94b8A044276729d54297,Dixxon,Dixxon333,1000000
0x8dc7F2B4c1571d6A937507780EE90Ff1831818e5,djtsoi,djtsoi,1000000
0x70cda5b3865f6a584098dd6d520a10acd6a901a7,DMac,grifterdmac,1000000
0x9f6cCBDc6E8433D3F19ea28D1A4687E6255757Ae,DocT,DocT___,1000000
0xfc84be4721ab9ba28bfc421cef450f4839d4cdb8,dojer,theWinterDojer,1000000
0xE6aC1279c124572F39A9f6552a840B039aC6d7D8,Dollar,knownasdollar,1000000
0xc78A95019C52aD9856aA764D6908E88D5b7930eE,Don Luv,don_luvat,1000000
0x303181bb006cba0f7964bff652c38ed7792ffda2,DonKihot,sotiroskig,1000000
0x504070a1a47f5bd94dD78B879e0d753e7E92BCD2,Doug Dimmadome,dimmadomecrypto,1000000
0x3756327420c93D069A9D4230f8ec8c4bc0fc6064,DouroDope,DouroDope,1000000
0x245e4cC32A57E3b9bd7c50EAe8fC90FdDd6c127b,DPOP,dpopstudios,1000000
0x52665abFD59C7Fd46aA8fA947Aae3316C722139b,Dpuck,Nfts4bob,1000000
0x2FA0bD091B78D9ef6A2fa308A562DEB8B5C5019B,Dragic,DragicMarkovic,1000000
0x46026e7d98DC41dB315a200357c9beaeC47B873a,DrDiamond,DrCharlesButler,1000000
0x19A7Aa4e54bCed0f73aef5Ffb4d8F96D2dc54E42,DrewBarman,DREWBARMAN,1000000
0x7c495dcF18106010348fa4cc1c3AB17728b5f70D,DrinkAlot,DrinkAlot13,1000000
0x48Fe093848d1a11B236C7d4450E6b6360B6bA7Ad,DrJ,DrJayDD,1000000
0xA47b31690eCA4baDB02CA78B2f90A04AB1F7E9F6,DrNelson,TrackerNFT,1000000
0x44Ed32B27AeBf445c209DAb3EA7E3a9D50F37B2A,Dro,P2thedro,1000000
0x35fFC49E7FEFC188dFf81dB3c717dB098294BC23,Dro Scott,drobot5004,1000000
0xd497813402A7aD185Ed43DfdB239A3c695818eC8,DryMark6935,DryMark6935,1000000
0xAE5d235c7c24F06a14F25f3FA8906d536fFeBb57,Dskgom,dskgom,1000000
0xaC780038C3b4248F1AA5f2e1856292A0E908ad84,DVDD,dvdd_by_zero,1000000
0x3688355e18b077C01503d9736009874C271c2077,Dwoo,d__woo,1000000
0x34a25606FaA30569a46889C42C95B984Cfda4D66,DXN,DXNdraws,1000000
0x663a35aD1211c80d39f6652194476E965A30288B,Eazy Peach,eazy_peach,1000000
0xb649516de0200e7EA9AE4c65113436C58948B72F,Ed,_ed__b___,1000000
0x6b5b15525c11C4A7729B8c3cf0aF6bDD4C1aE0C3,edu,edu_desimoni,1000000
0xbee84F1C3532f31559D70125b6eDa777dC5f8DB3,Ejder Kunt,ejderkunt,1000000
0x2a00F63Af45627fF351549106eA735Bd973Aa86E,elamnft,elamnft,1000000
0xE6De2657Eef3AA5b896632Cc4fFDCe05996EB3cE,elenimcr,elenimcr,1000000
0xB24ACeca492579f3d505d6B366Ad138340F4f2fB,eli_schein,eli_schein,1000000
0xe6fa3fb3b84b57c93a520dadaa2447ec72dfbb37,Elina,elinapnv26,1000000
0x29EDa53B9D03Bd7D86469D6abcc62dA1A1D12C7B,emmitt.base.eth,emmitt_art,1000000
0x5787b4efebb98a61ee06fbcae492597723809932,enesgo,nftbasis1,1000000
0xA95F82e86Fc4D560366b7D1bBe806b9A90aB6537,Enzo,Anton_Centr,1000000
0x50b4722535Eb9A10bE7923CDe9b866B8af95b1DB,EricF,EricCLFung,1000000
0xB46adfe7e10675b1E43F9132dA7f00A9aD3642f3,Erik Bulckens,Pistenbulcky,1000000
0x564D29d85cf45D5a1f1c7A45474c67b89F0eb29E,ErikX,ewitsoe,1000000
0x901c20dfe0e6bef2d51d2B15111bbE1335171aD1,Esquibar,theEsquibar,1000000
0x35e352E52Fc7B7Daa82c8e875C45294800bc530B,eterps,eterps,1000000
0x15F7320adb990020956D29Edb6ba17f3D468001e,evantan,evantan,1000000
0x4cc4c8FEead3e580b874B4893400B396B99F5450,evilslug,evilslug,1000000
0x94B08f4dAf6b0B1501fE4297280eC99412F66030,exlawyer,exlawyernft,1000000
0x855C82CB50759fb62336e96506abb32E6D65852d,ExoMahesh,ExoMahesh,1000000
0x9B7368aA1402fb1D7F5cE9DcEe2DAB84e86E048c,Explo,Expl0NFT,1000000
0x994d0c5e289c9750849b916cd4961e1e7ddb451e,Familydogecoin,familydogecoin,1000000
0x2db81470526aA55354A42Ceabc528849abfffD26,farmerjack,drcal__,1000000
0xef6CEE1a956ee22CCeF71B80696CB07f934Df547,FastClick,fastclick__,1000000
0xF967a7fa157F61fce791F0aCf64749DD38FEcbfB,Faust,ehfaust,1000000
0x9EC3b626Ed9EB9719B2A84465902A497C214e51c,FBM,0xfbm,1000000
0xbdac5657eDd13F47C3DD924eAa36Cf1Ec49672cc,Feddas,Feddas_eth,1000000
0x30Aa1d02C870874F9126732ea81758091D68A0B6,ferani,ferani,1000000
0x3ac61447a75149ba67639100ecc92c76fb20941c,FerCaggiano,FerCaggianoArt,1000000
0x4F479619ae63d8E740f785b8C511da61f9f25903,FerLoko,fgten4,1000000
0x7DA62744A1aDfAa7b5D713d7F36438A68F45a303,Fernando,fncruzz,1000000
0x3B44397f8b03eCB7fc8066420a96e32aaEa6532b,fettuccinealfredo,Fettuccine_eth,1000000
0x513A742E8b5De6511abe8CdB3f9a5FFeB7e1131a,FIEND,bfnwild,1000000
0x79cF2507732dF36C6514dcdC1cfB20ae83cF5B5D,Fin9ersMcGee,NFIceTea,1000000
0xf500777331fd53Aa236cfbb789441Bd61fAeB70f,Flaco,flacoxbt,1000000
0x3D61D94A51CB424b06ac2bF77E7fc5289C9Fb573,Flad,rethnel,1000000
0x5051afF7aEAA44336cAEda88FD4063EdF4e42D4B,flaw,flaw_3,1000000
0x9EB4348964D9943fc8579734d1a6E2FB2D88c83e,Flexkozla,Tuffshot_,1000000
0x2b5B2cCD39A53e8036a22f6EFdd007A73B088CA6,FlowLikeWater,FlowLikeETH,1000000
0xCD8Fb7259d5caC80b98304E8b6dB840Bb793D0B0,flufmasterflex,flufmaster_flex,1000000
0x7cacBFF0389d46f05282417C6B89492D39777405,Fomofendi,Fomofendi,1000000
0x9481D8bC76Fb1b7D2F95733A6Ec0B40d0cB1FffC,ForeTwenty,workAcut,1000000
0x5E41eFb99793E121cb5Ce2a797be041E331c7239,fortuna,networkangels_,1000000
0x9BF2e00E7DFa8fF674Ddf175fB9F7914fC885ff2,FractalCrypto,Fractal_crypto,1000000
0xD043D21Ad9Ba42b5A066b4305a5c3BCdfB85D0ba,FRC,FairlyRC,1000000
0xF7E500E80A34FCcCc9B09897f74A52F2Fbd10343,Frenchie,FrenchieNFTeam,1000000
0x995D697ac37916b79a6a00E07E2Df07BdCa7c1b5,Fripon,_fripon,1000000
0x7FCE5E3d6f46C10790372e11a954455C27269835,funnyponybunny,funnyponybunny,1000000
0xd70676Cfa67Abc65A8C39f049d62EEA30E3080CF,furtoads,furtoads,1000000
0xEd034B287ea77A14970f1C0c8682a80a9468dBB3,Fuser,fuservi,1000000
0x5E7d2BDbFfD95cEeD9615711C7295D49609a9A75,g,galore_kid,1000000
0xB7A164325Ad75dBa8892A3E77D066176a9A86AdD,G407R,Eire6792,1000000
0x19A23d463b4BE0945C05Ba4e5Aa869adCAa55b08,Gabriel,Phoebe_Heess,1000000
0x1DA92732A8B02F11Cd384a0514eA517EeDBbDbfc,Garidha,WildGaridha,1000000
0x552f01d67b352aaa38bc675e30ced97f2451df63,gcan,gcan9k,1000000
0xCBeBB5B5F0c6Ca63cd450d2CF67312AbA7a706C9,gcchaps,bhutanedu,1000000
0x498eC306704cdfF21bbb873aB43B8d8Dc148cB14,GCSilva,GCruz_Silva,1000000
0x0Ca33562F73b9623E49bC8370641165B38254349,geebz,ArtGeebz,1000000
0x6C7691e998d33e8d8b5229189085171bcfA27452,Gentlemenartist,gentlemenartis,1000000
0x89223fF444E59c99cFD257883B3e82b4eBa6CFA6,Gerrystake,Gerrystake,1000000
0x0209DAde99eE725ADCd98d849F7250020A8017fA,geteth,tagthebrand,1000000
0xefcE3B5e03Ed93E43051Db40f6F76F32a3f6819a,Gidwell,gidwell0x,1000000
0x0f338F61Ce0a55634066Fc1eb1c325c82675cd8E,Giggand2.0,LeoLe005427803,1000000
0x0C532c021dF25A2529Cd7620AE19eB70239d40e2,GirlJustWannaHaveFunds,Girlnftfunds,1000000
0x15FC6728ec8D16b66e7151A4DF7261b331ff8B7f,gladi8r,gladi8r,1000000
0xa214A1A4b4deFA00a119EA48079aC61D115391EF,Glitched,GDalegend,1000000
0x7Bc2031cc88E61fD293A70e3C15EdC0d8d41A846,GLO,gregoakford,1000000
0xC6Aa79A22B08C794B25Dc58cb36F2250779CDF4f,gman.eth,gman_eth,1000000
0x34E03545E5527F54243ce5a4f88ebB202Efb0AE3,gmmoney,gmmoneyETH,1000000
0xf0D6999725115E3EAd3D927Eb3329D63AFAEC09b,gmoney,gmoneynft,1000000
0xA64d73B12bDfFDabe471C3A47fe3cF1d14C42e82,Goblin,J_Taylor_Koch,1000000
0x7d6e292d76b87a96f5a0c9209609c504efcbb4c7,Goblue〽️,bee__wells,1000000
0x85CA29B5Fa7BC36c80Ff0b461cbCcaAfDd3701B3,Goldmember,goldmembrrr,1000000
0x0503bF05c49F96faaC2B0f5fD394672eD4603C52,Gozde,gozde_ekz,1000000
0x5f2abc70bb1567c7807da87e944ddf965a0846bd,Gr1ndhouse,Gr1ndhouse_art,1000000
0x5Fb7a3cea470f71059b29f483E18d8BcA31C9ED8,Grail,gaelcorboz,1000000
0x8f55b286b1E4f2AeE061024F5766698f57434D8F,GrandCru89,Kayvan2sfo,1000000
0x6F1320B9b49452bf2912258591883a456e54dadB,GrandpaApeJ,GrandpaApeJ,1000000
0xd8b07BC1bC3bAe553BCA5E94E99935dC12Df24Ff,grantland,grantlandog,1000000
0x87855458b82dfa1f746a8337875a2a5021Ed0C06,Grayson,GraysonHaaroon,1000000
0xB3E7355d9535008c186636f946dAF9Ed0529e827,GreekFreak,greekfreaknft,1000000
0x61c4a9107de33e75ED6FE29550Ae2cc29cEd2264,GreenGeorge,greengeorgehl,1000000
0x97698856E4D8506357fDEfb490BE78487b457A65,Gribb,_gribb,1000000
0x8b884b4d7CCdAa83DCf1A80AB185cc4d02b5186D,Groov,iworkincrypto,1000000
0x451dD290Fa6c7046A9fca8C8d3d62D038D8c7ff5,grumpy,lolanoodle,1000000
0x053073cB4CDFD57a6F63aD833160AF9B22c3c96b,gui500.eth,ultramilionario,1000000
0x151511aD7D5414246B36361a3f7FB5432dde642d,GuiB,guibensiman,1000000
0xFD2FD88e81aF31D26B8141B5e9dE17e67D59f5BC,GuruNeo,BabyFaceSage,1000000
0xF12E9aF92f20fF198333AF9E68bd6caCCad26499,h0nkY,h0nkY_swiss,1000000
0x282E129d7732C26bc01A8c49aE84833b9117b53b,Haackas,Haackas0,1000000
0x435a4CCC3712B0B40cE16A1C7Bfa263Ed6e9Bb33,HAL,42ordinarymice,1000000
0x89cbB15C7AB08A39328B0E3dDf8CFFa8D7c50899,Han,hanrgb,1000000
0x0f94325DCc0e118fb3454Bceff6bcd814aD2b58f,Harsha,harsha_nik,1000000
0x714BeeBF59bb724F7a13459E4DF7E4716EddcC1c,Harwoo,Harwoo4u,1000000
0x08ADb99AF2B78AAb79e8bEe60dfd124C24C68926,hashxplorer,hashxplorer,1000000
0xA428d158a2b07082d26BcB0b995b5F8c784340f2,HB1T,b1ts_y,1000000
0xf48Bc9240f513e763Fe7E0943Bc040c89Dd2DF8B,HdOlivares,hd_olivares,1000000
0x61E725451C31189A32a6ffb604B7C23475EbA10b,Henry Brodie,HenryBrodie,1000000
0x56543717d994d09d5862ab9c6f99bce964ae664a,hewpdreams,hewpdreams_,1000000
0xaA5E2BAea41c2728022da09832d19eB4923c06e8,hhjacks,hhjacks,1000000
0x96F760422c71E9D83b751C6e937D52E2062BB8F5,Highgaz,highgaz,1000000
0x69b9226547b18Ae24d9AEaB5d4054448AB1145E2,HiLL,HiLLCoRe1337,1000000
0x60e2bc826DD5e5DbA8FF35b1cA079e66680dd33e,Hinnerk,hinnerktv,1000000
0x8837dDe34B64f8205f92967bA0F85dE14948Aa2c,Hobbes,HobbesNFT,1000000
0xF5B6D67C9f0b8e035693FabDe9d52Df9B6FCE2b1,Hobetrades,hobetrades,1000000
0xC0941Fd0ae89b4081b6519C7Af25867c9c262CB3,Holger.J,wurfi1gmxde1,1000000
0xb23087BdAe5Cb1b8d821a7F6fE368DC727BF73Dd,Hollet,Bitstacking,1000000
0xb6eFe7bD952e15a450EDaC1E50e9Cc67760B9fe5,hqd,highqualitydgen,1000000
0xA2036b4749f519d6846970622897e398F58027Ad,Hucian,roba229,1000000
0xF775EFBa7cE6C60161392cb67E0760a6C234D42e,HugeMistake,HugeMistake,1000000
0xE250c7540ffC0fE802A3cd1ba907addE9D410051,Hugo,alwayshugo3,1000000
0xC839de0fEd241607d50aa4107aE582443B906e4c,Hugo Faz,hugofaz,1000000
0x255CA91914157ACC612a0f864A9B2b5561C8425C,Hymmm,Hymmm_10,1000000
0x5C4FE960950BA0E09A72869C3D51fe70f07580e0,Hyperspek,Hyperspek,1000000
0x64dB00C74Af5C98b30EBdECb526964634997A7E7,ianCARTEL,ianjgipe,1000000
0xDF28f28D43002a99D77D23343b9CA05bBdAA7aa0,icculus,glassicalfunk,1000000
0x9E005eA686D99feBAEDd8bdBf3440C15233c4B34,iddxd,xxidkfaxx,1000000
0x1Bb66d387be202F35489f951eB9fdf5056907b69,igmaverickk,sigmaverickk,1000000
0x019F52235319581784a404D9F3C80E4b03285CCd,ignft,ignft_,1000000
0xAB078F1e310C3F6B9a6b6C91f23C6cb5f09Fe61c,iiaone,iiaone,1000000
0xc0C5147F390f46d6322E5f038982093156fFE3e8,IJ,ijcollects,1000000
0x18E0f9AAdde970D74430cC8636A381CcFCD1F559,implantsanta,implantsanta,1000000
0xe23D58F682aC05D3F0f0c997f431C5b4D8D9A9b3,insertcointoplay,NeonFungiTrip,1000000
0x65720Bb1f5d0bAD279e6fb3e03B116771D0321FC,insider,0xtsider,1000000
0x00a97CE41757a950077cca320Ea73FE8009d1164,Internetmoney,internetmoneis,1000000
0xF2CBbEE323DEC2765395e1C48ED0077EB5d5AF6C,Invemos,Gianluinv,1000000
0x1e33c380f0D92E2447B06E2011BB1Ba682FDa92F,IRA,IRA_therabbit,1000000
0xA077DAfc545ABBf2167B674D74717ba3C6127FD0,IRIE,zeen1875,1000000
0xfbd56B2c3BfAa52b37E37d16BAeBA21323473869,Irish,Irishmikeys,1000000
0x0335bD5215A5e42c3beB20B30DFaF803c0901786,IRL Lemon,IRL_LEm0N,1000000
0xE4C6c46645988bBafd8ef6B4d1b60D969cC857C3,iuri,ik80,1000000
0xA71d5b63A34Fe15b0d210d2417bC523642792E96,izzipunk,izzipunk,1000000
0x365d622b778234C5ADD193580D9099fAcFCF5Ca7,J3FF,web3jn,1000000
0x38EED3CCeED88f380E436eb21811250797c453C5,Jakub,jakub_rusiecki,1000000
0x797764549FA1eC1a2851fD07EDb3dFaBf073d756,James Joseph,jjamesjjoseph,1000000
0xcD8868F89BFF92E511E6586bb122fF8b428e3ef8,JamesCrypto,jrcCrypt0,1000000
0x3B3c98E3Dfa12068F182CaB14265Bbf38E1988f6,Jarvinart,jarvinart,1000000
0x84719A4d5c464022202591687debf46bef00F40b,jason,jasontwlee,1000000
0xe61DA64A047447978074B2f6562522477C6bD1b6,Jaszul,JayHydrate,1000000
0x11f5e34a2d1fcbdfe75a9313fc4af1f8bd391a59,Javier,F_Javier_Padin,1000000
0x1CE9d62Ac3DD1b897d582cDa4075793ee8D0bfD3,Jaybaum,JayBaum1111,1000000
0x4E921dd91a268Ef8eDA056C139e9dbc666578D03,Jaymes,jaymesrogers,1000000
0xf43312A77e6F26BFDD941729C3d0f842FCaF4466,Jed,Reef_X_,1000000
0xdA28431f8c060E2a971209e29d0Ad1dFcC921746,jered,ChidoBandito,1000000
0x1bc7164c30dc33f2acf0723da3831db6a728732c,Jerry Jones III,jerryjonesili,1000000
0x1838FcF50AF5f96Dc0793Ed744630398b7b4AC1b,Jessejam,JesseJessejam,1000000
0x0A68a130d743c815357afeeDf61300B6b994Fa10,JillyBean,jillybean04,1000000
0xEA9F83606EA6b80f15DdCfc8bAcD61DF1A12225A,Jimminy,crip_jim,1000000
0x365Bfc36811707454dF7b7D87e7581A49d1A71B5,Jinwoo,Jjinwoo30,1000000
0xc99Db2ca9A7c64599593D3d189fc338FEa6be46E,jitterypixels,jitterypixels,1000000
0xAc912D99D40aAF02eCfEbA67B3dbA1D7E8bBEDab,Jkwon,jkwon247,1000000
0xd75D6dA0899B25c1aD52903Fe40D8dCE300Fc7fD,Jobin,thejobins,1000000
0x7F5525da29FE1D12E63BC7761d606AE1B29b2D0d,Joff,joffnft,1000000
0x735AAF069f9207021Ff53fc8FE208003B32D7453,joh55nn,joh55nn,1000000
0xa5DcE742F3775059d9406342D2ECBB0Ff8E3a3c2,Johndoe8891,johndoe8891,1000000
0xBe1EC24BB1B175394fa0891Dc749Dfd2f71E1c57,johsoo,johsoo7,1000000
0x740C569F20076F1D96be1222240d55A5eED29Df5,Joker12,Afs2407,1000000
0xB3EEe85e42036e59C752bB6f82bF5269781Cfc2d,Jonathan,JonathanColon__,1000000
0x6B6aE848F555f70944Bc99D736fe29fcAeCF8b23,Jonathan Little,jlittlenft,1000000
0x3d9456Ad6463a77bD77123Cb4836e463030bfAb4,Jonathan Mann,songadaymann,1000000
0xc4056938f53A7208d8e0DB4ed79e253Bdbe07D22,Jones,Emilio_Padulo,1000000
0x54F4f34120333e276beb4E7a8EE3f0baCd5641aF,Jonooo,im_jonooo,1000000
0xaCe3898B6e111F8154234E22d248cc3165ceE849,Josh,xeternalsx,1000000
0x3c009Ea9ccef6832Dd1f4489c6BC871a5a321397,jpgtrdr,tradertrader350,1000000
0xa5A0b7c3dD5dddBFbD51e56b9170bb6D1253788b,JTobcat,JTobcat,1000000
0x5B04F4810C3a1b72976784fad8092b327739D127,julianonh,jthiesennh,1000000
0xF7c9108B5ffC3e8dc0059bCE4A13230911CB8451,JusticeAlbatraoz,JusticeAlba23,1000000
0xDf4C62f992Ab29c3649Db1Fe65425c055B5c3913,Justin Trimble,justintrimble,1000000
0x189ec2582804221760B6a41a3A105011987fA594,jwphase,jwphase,1000000
0x5AFbb53859d3b62da694E60753c3B599DfE2Ff40,Jwshua,jwshua,1000000
0xe18e7D7D3824B9F10e72d602727EF7758108CA37,jyg-ghanc,m00nmemeartist,1000000
0x7bB7180f0310b8E5cCF8acd8548bF6de183B0e5F,K0RG3NS,Korgens1,1000000
0xc0b207C4342FfB916a25229BEF86b9B6E59EccDA,K3v1n,Kevmallon,1000000
0x06e1ab8baa241b8a527dbc320573305c7ee80528,KaruptKP,KaruptKP,1000000
0x250af1121d950c33ed398aef8b63b750578e9b47,kb13,burntends13,1000000
0x4D5368ef387897798c7fb0b1f34F5A21eeae36f5,kevin,kevincrypt69420,1000000
0xd498471e2216A42B5E4684dD3E7AaBe1E135E0C5,Kevin Lambert,kevinlambert,1000000
0x5529e0608cFC0caB5Bb86B59CBa7E88F0F66dFeF,kevolution,0xkevolution,1000000
0x414826bEb718F2b204Bca67b949604bdC739fCBA,Khalissman,Khalissman,1000000
0x969C00942e13358a5b704f5105FB41017c15BcAf,khan,khanzynft,1000000
0xd05A64BF3bDC0f95F40b0e561F41795BB2293d23,Kibril,Kibcryp,1000000
0x39436E22EC425e93EB5C5136389B04854c142310,Kibz,Kibz___,1000000
0x56a603822A9C4Db9B9C99cd06201Bb0784F8bB00,Kieran Kelly,kieranmlkelly,1000000
0x569C550B38B46395a5D5d527CEd86B1AC46030bd,Kiiger,Jkiiger,1000000
0x1C5762F9899B46c19d4C9B8FBDD38D35856227f3,Killian Moore,killianmoore_,1000000
0x9582B144157087057E602143d1d050ec22BD218f,Kinaz,Nekminartz,1000000
0x353339c5EBc17B740BE010A6F7C5627b46B005e5,Kingbab,kingbab_eth,1000000
0xbF19869135096B09A46E443ac40cb185A9a59D91,KingKun,IKingKun,1000000
0xfe57Fdcd9d0dF47356CcdEbe08f3Dc454e472f9B,Kinny,ikcentrik,1000000
0xCd9Ec6B440885f8feC84532657617FFa2f53e177,Kira,cryptokarthik,1000000
0xEE831941f81BdB1a9862FeCE8382EaB551701448,KJ,lionlegend4355,1000000
0x9f2D575Ad3629ec4A0F92Fe6aC1559ea575E7e96,Kmo,kevin_moy,1000000
0xb869be169F75A67957284452DBC02acED501d2e6,KobetsuKaizen,Kobetsukaizen,1000000
0x6ECaE358e99DfDD1aBE900BeBE5f775431c12324,Koja,kojadesigns,1000000
0xDBD82DfFF9790C6e28947962bB006CaFcb628Ad6,Koro,Korosens31,1000000
0x5825d95F51a64A318171D3e7C9CaE80eaD2fbac1,Kortez,kortez033,1000000
0x9ecf343f68eec9a5f259f02ac3149e3b3b867445,koshercowboy,koshercowboynft,1000000
0x91d9209A6a5506eDBE16085d0411375d27477925,KozyTRMNDS,Kozy_TRMNDS,1000000
0xd5bB6ac79482467103263B818f2d8462224F6133,kraiven,AitortuGas,1000000
0x65E78473f91DB2B19B8123d5914B002f57E4e283,kripster,kripster,1000000
0xb4d94c0f79Fddf080affc9cA77A27e7A74D89bC3,Kriptach,kriptach,1000000
0x15571c266CA224597241038C1fEC08D177197763,Kromatikus,Raginmones,1000000
0xCbcB8A49716228e93f31759500A5D378F3582954,Krou,nft_pilot,1000000
0x9C45Ff701893f612604Ae486Dc3dfCef74905A17,Krypto-J,kryptoj2,1000000
0x7349Bd4F327E697814Ff96Ac48861B44562ed722,kt,kt_824,1000000
0xcA96B82Ba79A602EE335564722335f66288b017d,L1,thelittleone221,1000000
0x51409beE46664b9044731824578b9D3213bfE647,LadySlipper,ladyslipper707,1000000
0x9Fe686D6fAcBC5AE4433308B26e7c810ac43F3D4,Lalo,shroomiebr,1000000
0xA3132430b7EfC00356Fa78f9A11251Ec30368f63,Lamine23,Lcheloufi,1000000
0x35Ca14EdabB3Cc0D3fA01808Dd9AB5deeB59b63a,Lanamour,lanamour69,1000000
0x7df93b753b1bdc2f506ec82085300a704236e0d6,Largetuna,largetunalt,1000000
0xA3C07Ec4836A9B8e312B83Ae361Bf27cFBA8aFEF,Lauwverse,lauwverse,1000000
0x1Fa4e96db8ec57e826f5E8251c6A3fB327868226,lazy_sandro,lazy_sandro,1000000
0x5a8116f07937394e6Ac2A51995Ab6a054C08bF9e,leafswan,leaf_swan,1000000
0xc8c4ab6e1e7dcc4e2957244baba86ed937dc0ee8,Leandro CryptoMotors,belloneleandro,1000000
0x6e4ec434353FE3A7d9D0B5e0Ba4500d9945289Df,LeftyTran,leftytran,1000000
0xeaE9870e408327733aACBa4BdC33FC14822a48Da,lehson1308,lehson1,1000000
0xf0273697771599cD356aAf34Ef64D457170BBE8f,Lemat,lemat_,1000000
0x974aF4b22E1d0fcF2dd1549A25b867a8AaAF07A7,Lemon Boy,BadLemonBoy,1000000
0xc9Db33F8DFdd1ABdA5871416559Ed94CE9c8fdc4,Leo,LLisikan,1000000
0xE60Ed4375B8771330e67D2037d1D264A2535F0cc,Levi Fidelis,levifidelis,1000000
0x8476B6a8aA0B4037e69e79f116F662aA0096B0c0,Liam,liamherbst_,1000000
0xB77F661FdF4f5908B37Db4536A150E549C934c5B,lichun.eth,lichun_eth,1000000
0x9Bc910f14B0EE83689B9F49337B1dfD2962dBB94,Linus Caldwell,linuscaldwell5,1000000
0xC6a9Fe0457759B07a63a6Cb4723c5F7C56e10c01,LitAndSmitten,iNFTMatrix,1000000
0x2edd93783962b742AFEe8F1cE8DCA824718eaEB9,Loco,Lidaliste1,1000000
0x11158bf52b765d79f69b17fc509a678bcab7a0a8,Loki,LokisNFTs,1000000
0x957291Eae3d53b5A7c0A6BF2C0F08de5d87b14f6,lookinrare,lookinrare,1000000
0x7ecfcA59ED99F135Fb8a41501514f807B1f00655,Lord Truffington,lordtruffington,1000000
0xd7D4Eaef28E6B15a8208229f4fd8Fd616cD65DEC,Lorenzo,lorenzonesso,1000000
0x7Aba73E2EEa6F5E0415EC0a284cb979803dACE27,lorepunk,lorepunkdoteth,1000000
0xBF222CA2Ef5126afFe94EA72903764D52cD12642,LouTenant,loutenant21,1000000
0x03746D372D973bCfff1c5F92740e84B88E3DEe0e,Luca,jpeg_luciano,1000000
0x589E2115F8644d69523c9399c2A7c6F9e359E29B,Luckyninja.eth,luckyninja_,1000000
0xB00a764147a215c9912651269F6551Eb723EA41B,luisleitao,LusLeito5,1000000
0x517586Dc440CD88dF2cE313C18CCaE0BCDa83668,Luke,montanakind,1000000
0x26a1e46832bd5ffd7D21481D185FC258A7080316,Lukeylupin,LukeyHODL,1000000
0x07c70120e3141E3145f5ed1B327584dd0C773d4C,m00nbags,m00nbags,1000000
0x7c7d093b4Fb96C89fcC29cD4c24c15DB0ed669dF,m3mnoch,m3mnoch,1000000
0x44F13d9D557d86aAC9D77BbB1d922F690f197b1a,macomoroni,macomoroni,1000000
0x454e930dEFef173E7923267d722FA0cca0907172,MagicMike,MagicMikeEditss,1000000
0x7f27ac16c5a95ffa06dd2e76bef9d907df4bb5a2,Mahadev,Mahadev1006,1000000
0x5e1127BE6dab460330E97E0DbB4912aCcf6Ea178,mal,mal_nft,1000000
0x00F77cA6895eC5cE8894768300c703346EB8F2A4,Mandeep,MandeepYanic,1000000
0x1ED4a7446556ed14593e15CDBA22B1BBA158Cf8c,Maning,Maniinng,1000000
0x6cA41eFBEA3D1d6c168C70566FCCB000d46fbA6F,MapleMamba69,J_Lusic,1000000
0xa42E1dEBEbA42786a4d2b8226927291462271e96,Marcel,0xmarceleth,1000000
0xE57EC07f26a5BFb10d01588D2e6eecC345786cbA,Marcel,Dad3865,1000000
0x7CA4926B101a71EB6eaE564534D9edA2278b4BD9,Marcismus,Marcismus,1000000
0x18187a9ae4Bedc43dE1Bf7F9561730AeafD2530E,marcmcg,marcmcg,1000000
0xfBA4F418956c83e27B1B09be2A773FF37d145510,Marcoos_13,marcosss_p,1000000
0x2ff32A0F8C0813CD1bB8007cb88D29d40bAb2C4d,Mark Cypte,Mark_kroon,1000000
0x16e23099cca4092C6c7ea3a56506aF6DCc58383A,marka,marka_eth,1000000
0xDF1e3abB229d42A182aD61ce8a63355a8A3EB0F8,Markymark,markymarketh,1000000
0xCEceD71Af34513604EC4C388C6427eCb3454A72a,maro,0xm4ro,1000000
0x4583e00b4d17ce9e969f94baa2a6336f923d68de,MaryPat,marypatbing,1000000
0x595170Ff30508f85F94F1C28261f6e624fA72fC5,maskzilla,imjameshall,1000000
0xC30a20B67690f6959A89b942ED0E196555056Dff,Matahari,Matahar56539984,1000000
0x6884475684b359A9E163931A13D022CAD61e5fdf,Mateusz,MateuszKon19426,1000000
0x45d2baFe56c85433e0b9f9b50dd124ea3041f223,matman,matman_xyz,1000000
0xC424E4642e0Bcc09E545127200ED686d3869AD88,Matt Humphrey,3131mateo,1000000
0xF40a4eFDfeE5C38df12D3DEaAA0BF5560c979Ab5,Matthew Stone,ArtMatthewStone,1000000
0x25a0E1E03276F195dcAF8F189302Deee2d798A4E,Mattm,Mattmcquaig,1000000
0x1D9C01A592040bdCA76e8b6dE46D7d97B503085E,MattTheCoffeeGuy,CoffeeGuyMatt,1000000
0x23b44749aD470cBbDBe65dE4C43A7489B6fa2b7d,MauxFaux,mauxfauxcrypto,1000000
0x98060CC2CE3b58BD86379276E325a3a7de4b3e92,Max,m4x_0x,1000000
0xEdc5B2C93f28b30862A220b5158fa3E94856344D,Max,punk9527,1000000
0x7c000f494DE99dE71116dd59a8dcE9A7abF311F5,Max Fowler,MfowlerMfowler,1000000
0xe1B03622c4065443dE6651B1416e6ba44DcD48ee,MaximPiragov,MaximPiragov,1000000
0xa995B78eccC887D31188C92172e34a6Ac1719Efb,Mazeysports,mazeysports,1000000
0x945AFcA0E9d742d536c7C9bEF84E5F2a413e81B3,mb / mabu,mb__nft,1000000
0xA161FD5eA129C6f7d90B43128A5421014CE8C0e1,Mdiac,mdiac_,1000000
0x3C8A67FF9D751c3cce50C9ACf617959396DaACd3,Me Llamo Matt,mellamomatt,1000000
0xA67F21Ec7B9f657a7d1e5522898DE9FbbE8a72a4,Mehdi,basedmehdi,1000000
0x413ea637bf082bf78f6c9a2722ad5a93f7dfb82b,Memefomo,memefomo,1000000
0x3Ee8B9762Eccfa1ACC8094D1F0753d4F9328128E,memories,Pe4ce_and_Lov3,1000000
0x01eaa7B40b642f72bF31AbccC625775c0f92A6b5,Mercygr8,Mercygr8,1000000
0x343b8d07b85bDC67E67F2D5b1E4002a2447Da215,merkman,0xMerkTheChai,1000000
0x5797Dd337A92Ab76a1241F5FE29f08CD294175eC,Merts,merts_eth,1000000
0xF0C4e35E45D2Ec511D324B15855c840b3ffC4992,Merv,ds_merv,1000000
0xF0C4e35E45D2Ec511D324B15855c840b3ffC4992,metalizzie,MetaverseIizzie,1000000
0x1ceED8cC4a97750471Cf113A8F200761EBA1F844,metaverseriding,Metaverseriding,1000000
0x5c75Ed5BEb9a43b68fae73706908b2fdF497f4a0,MetaZeus,MetaZeus,1000000
0xedF441c1A8473779F2D94DEDB3b1Cc5e1c142fdf,Methodfive,method_five,1000000
0xb9AE2584BfA49f3531939Ef8f1DF30038811A916,mgceth,mgc_eth,1000000
0xF537BaF17f73fe267475430c567F7631e80dBe47,Micro/M43,microm43,1000000
0x93ca6ea0d4d8d066e6417e3e7eb983148a306858,miezekatze,MZKZxyz,1000000
0x343ad7CF0b4ee69822Caa5a1E81466761F6d1607,Miguelfaus,miguelfaus,1000000
0x8DAA60e0Ff964bB4d1f30FAe8791626229C3F63b,Miirror,youmiirror,1000000
0xabfbaA44c742c64faC5cA024e731484684eDE9B2,Mike,MichaelTun1,1000000
0x49B59DF9dF381B1634B81e3Ea12fcC0BB6Ae4498,MilanoCuts,milanocuts,1000000
0xE51748456ea9759C19D232A32F96bA3c1C110776,Milk and Cookies,BasedJovi,1000000
0xd369a994D081F7B01A2A5EBc9484F6ab5650Ca42,milky,Zenden_Milky,1000000
0x5015A52A42812D1591531628652Ccd6D806790CF,Minddex,minddex,1000000
0x97DEF8A0841B3cac33C06dB07dBB9ea38c48b3Ac,Mindzeye,Mindzeye,1000000
0xd40B63bF04a44e43fBFE5784bCf22ACaAB34a180,MintFace,mintfaced,1000000
0xd01cCa16A382f62343E96F675396d547293Fec6a,Miro,miro_isback,1000000
0xe65c56a11FD4E155B9471d1c65Ef6fAD0DB61E92,Mirror,mirror_web3,1000000
0x605110c34A93179dbCC090c09036728F5B7c7Bb4,MisterMo,mistermo_axs,1000000
0x40C8714dc315AE9eF8e5226DE437D067F23aF038,Mithrandir,mithrandir_14,1000000
0x83EE04581317329Bf87181DF848918952adde719,MLow,one1ofx,1000000
0x94f553869a1FEF6DE7f6be32049AbBEf2A2cde7a,mmittens,mmittens_,1000000
0x6c25d06ae684C8EC7dd4AC04bd79d2E063B37b0A,mnm4n,bmax_55,1000000
0xfc1e361711328f105F314f48C49D8c0eb0C6610E,MonkMatto,MonkMatto,1000000
0xF46490acd12b53E5cC5274cDE36b5598DaCbD207,Mooshon,Mooshon77,1000000
0xB1BAc8B3482DECDF31bDEc22B6a9760050A660Dd,MotzkiMattes,MotzkiMattes,1000000
0x173E60B2bF9aeBaCb7a3206613fb37A1eb07dccf,Moulanbator,cryptomoulaa,1000000
0xf83eDaA2f7B8D185F3A9B7eAACae8A35F9F8886a,MozMonteiro,JOSEMON84816770,1000000
0x4762b5ac03fc097a500b48cfefffc027e8b37227,Mr Richi,Richi0118,1000000
0x475159399F819faEccec91F2427a24Eaa60f4283,Mr. 1,punksded_eth,1000000
0x4059f3c0064cd380276DE8dbAb6935005535EeD6,Mr. Oscar,mroscareth,1000000
0x918f977262DF7412580C2C83BF88b18C83dd2901,Mr.Wolf,SobredosisR,1000000
0x392D688249ddA8C3f75402cc257307E04fcd793c,Mrinternational,mr1nternat1onal,1000000
0x10491F92A279883a028E49281265b61040B6b433,MrMeridian,Mr_Meridian,1000000
0xaCAebDD0Bc6a8A7a1dF513F84e4b1FbB0E4E52BA,Mrrabbit_NTF,Mrrabbit_NTF,1000000
0xF3AfDD836463D654d86dD435F63610F184Cc22fe,MrScream_web3,k_kociszewski,1000000
0xa35d0b14fEB4e99a081F960f7099AEA795813f3f,MrTimister,MrTimister,1000000
0x4a6fb119a7c7ce31b826d3ec1a17cc2741a0a9d7,Mtr2017,Miketherager,1000000
0x6dC466a57C17D44Ef7801a4d84630489db702471,Muffin D,MuffinDannyH,1000000
0x886258791969e6b0fEff62c0a02be819Dfc1B167,mulii666,MaycL93300,1000000
0xAD4D70479Cf926122Ee41Eca5DB4e2775554dEA0,Mullet,mullet_eth,1000000
0xE81cCAB76718AC222c8c9F2d19197c9D39e9FcA5,Musicalnetta,Musicalnetta,1000000
0x42C88881A6c94151e71aAc03bbe94869eC4C836F,Mxdo,LPCMachado,1000000
0x991E0876716df78c9252109c9B16975a08f892D1,Nando,NandoCapitalLLC,1000000
0x22e0B2c91Aa8184a3F2A92e75f596208c5eDB5dC,neatomosquito,neat_o_mosquito,1000000
0x66d5527411d821cb513f2d214bbbc0ad73586b35,Ned Ryerson,nedryersonbing,1000000
0xbA476bBF8dcf5a946c8D29A865F0E30b202Ad027,Nekliudov,nekliudov,1000000
0x70CA541640AAC86b8e05568400049642edB77ecA,NemaG,Suljpanerija,1000000
0x73148bD42960fE306507788350a39F07C4674a19,nev,nevlyfans,1000000
0xc2d605EF9965B06f21AE65D3F8cA0c01148Fda25,New Dungeon Inhabitant,cameronhawkey,1000000
0x3539Dc20E2F5cfa6393DE9227ec281290d3142A4,NFT_Timm,NFT_Timm,1000000
0xd39E17194c2852BEc3a5C710269a6AF7A76Adf35,nftdaad,johnpapa192,1000000
0x4A38e59616b6817A5Be09f4C6AEA3D90ca477c81,NFTLaurent,nftlaurent,1000000
0xa09D66D997a9f667007b6288d1B2985EB79D3984,NFTLedger,NFTLedger,1000000
0x995B7FABDae160217F378BbB05669Aa4bDcdc81f,nftsunglight,nftsunlight,1000000
0x0D5387a3eE2466dBAC658Dd18033e303bFB26ab0,Nick,nickpbaker,1000000
0xE75304fE5bb590B6deA3CA13A8aBAb257c12E753,Nifty Fifty,NiftyFiftyETH,1000000
0x517D822D3E0E8267E6DaeeA3651f0921B2Eadf2C,NiftyQ,niftyq_,1000000
0xE460EFFF6D9c79B30634f514c6A2d6654A53a260,Nik,w3b3nik,1000000
0x9273ff90f641dA3fD2E6a37FAD93A02782f71590,nikzall,nikzall,1000000
0x8Fe9C787995D12b6EF3a9448aA944593DaC93C6c,nimocrypto,nimocrypto,1000000
0xFba46A4706753Ee9359f0e62525A0acd436f7987,niski (wagmiwiz),wagmiwiz,1000000
0x41f884B86E3D6F802Dc726a49709a1938231802a,njoenka,njoenka,1000000
0xF70ebFD828B993e2863670530C2ec62C049f37Ad,noCreative,nocreative_eth,1000000
0x9eCDc342090E5943E81461E286EAFA61b0C46b17,Node,n0dedata,1000000
0xa9Ef46b6C863b7D81B6F1bcD4CFe9E50275aA197,Noone,phon_ro,1000000
0xe733ef9edf8e78e53416963e52c0c52506ae3f72,Normandywhale,normandywhale,1000000
0x0007FcF5590179336C826A60c80976623c7BbC29,Northi,ethnorthi,1000000
0x8177920E9f392589Ae79F181CD55BcfB52Bace43,NoSignal,0xNoSignal,1000000
0x89ab71800e1336705e2744d0c0a02f5826bf54e9,NubPlus,nubplus,1000000
0x758aCB41cCCA6d8DdC31aeb737951C2026Fa1BdB,Nun0x,Ncortesao,1000000
0xe14748C7476ad44d92E8c86A17aF2922803356Aa,Nydoorman,Nydoorman,1000000
0x31EF90E300502457c26aB7C2B7741Fe1787e818E,nymcards,nymcards,1000000
0xc843bddc8985d6efc5d8370538e7aae1a5ec7816,ohyeahdavid,ohyeahdavid,1000000
0x78086Ad810f8F99A0B6c92a9A6c8857d3c665622,Ol1y,ol1y_art,1000000
0x5C7e93f86C4e3E6388D673e76dDF37Fd1c8428FD,OldSchoolFromTexas,oldschool711,1000000
0xc143351Fc176cB67D4b1016b27793b5D47E526C8,Oleh,Oleh_komendant,1000000
0xbd330355e09D28881BF26efAA0841F021350456b,Omar Z Robles,omarzrobles,1000000
0xf54013b0c698C45c122E478FcC9B0a4a8F8003e1,ONEponteONE,ONEponteONE,1000000
0xC6d1B45EB82656776Feb2e08A943D847a50042fc,Online Josh,onlinej0sh,1000000
0x3b4DddFAd6EBcd504D804F6B36970dfc4F2c0d26,onose,uwajose9,1000000
0xfdf7403a086cf26f25183dc00a03921db37d50f2,Osamafaheemm,Osamafaheemm,1000000
0x2Ca5D416d1fd797B598D0300Ad8fFf4aE32BaA4C,outcydaz,outcydaz,1000000
0xe5ff7a1C22449720E69DCc6c802f0Cb6Ab5079a6,Owli,owli_eth,1000000
0x8ce0d1a7f2d1C54EBcc9D7BAD9439ac2068609f9,Oxsimba,brelentless3,1000000
0x124327698cb24442f2D6e696704622afd272d74a,Ozark,ozarktrent,1000000
0x81203E702e4489e01f92a3f96Be7590B1D66A36c,P³,p3_nft,1000000
0xe5312d76422efCf77B9c34219bc02fBEDa144f0B,Paexplorer,paexplorer1981,1000000
0xAF77E6ce8FEf4b096E909Ebe6c475Cb991c27675,PaladinSuerte,gomezvegol,1000000
0x6245f1c86AF1D0F87e5830b400033b1369d41c34,paligas,joshisskimming,1000000
0x1BB6DC39ebC757Db05557d00b16C28A753A20558,ParisP,ParisP_eth,1000000
0xE5516ce852630051C527491BaDBE0B01dC605f86,parkinak,Parkinak7,1000000
0x44B9e78833Ddb7E22bfd28E1E3648B8CCCDdaB20,parkpundit,ape_magic99,1000000
0x0fA871F7F473f0606D496A6418490f853f76cF6D,parzival,parzivalsong3,1000000
0x7376Ee5cc33194fDC36faD6dDAD9dDC8bdf89B39,Paul;),PaulMar306,1000000
0x890D35B980A533B2BEDd474Cf3c9bBB0d4803EeC,Paulianer,Paulianer74,1000000
0x26D7B4fe67f4601643304b5023b3CAF3A72E8504,Peace Land Bread,xpeacelandbread,1000000
0x720E2Ec7CACe7899F1b59163A111bC08AEe0FD56,Pelago,pacificpelago,1000000
0xAd8D22b89E55490e72bB5b06971F47C4B329e8b2,PENN,jeremypenn,1000000
0xDE8D5aE4c54e4De86AFeF3B9FE35B40D88194d61,pepe,pep0tto,1000000
0x17146882Bd424A6E8AfDf9Dc43Aa1fEFBB8bd342,Peregrin,peregrinoftook,1000000
0x53bebd20781aaa3a831f45b3c6889010a706ff9f,perilous,pman555,1000000
0x8d2a43ff7e015c55c2BE316A52Bec176A4328a9b,Perpetual_cgi,perpetual_cgi,1000000
0xAFAca46F253c85D4BA372f82A8A4F4b0dd5D7dfC,Peter Nitsch,peternitschcom,1000000
0xeaB422A1C21738d2741224e4Ed5247100753Cc7f,Phatique,Phatiquez,1000000
0x115bB70fcF051afF80D892f5028C4EF1941A4283,Philippe Sheraf,PhilippeSheraf,1000000
0x595ECB459898359CEC9F7726dc795CA9ADb95D3D,Phillycrypto.eth,MortgageBankrPa,1000000
0xB7F58a3878E0Cc205a824064206286965aD6196c,Philsh,Philsh,1000000
0x700afFE5d2258E5d9118Fb9c0234030a2EA3f442,Piair,HiPiair,1000000
0x8Cfc97129916C8f8640be0FB53f1F8aC27F87937,Pickles,Drew38017183,1000000
0x64084D818a908d809D0754DC09e32834c048342B,Piggi,Piggivalente,1000000
0x514584b40Da53033B2a07D969Ff6A93Ad5A1E5dc,Pinkocto,pocto111,1000000
0xc6eAAcAa6De1b7C98Ff558Da46E0Bbd62a333885,Pinkz,pinkz2903,1000000
0xb9019d6473726Bc2178073541463761329930192,Pipehitter,studioventures,1000000
0x855376E14063Ca551608c85B2f6954802f7F1660,Piv_is,Piv_is_NFT,1000000
0x159F7A2E758D8F16615D6Ce6b35040d4C629a38f,Pixelsensei,Pixelsenseiart,1000000
0x303052148A78A692d7Aa89bAd454F3e91785488D,Pixls,pixls_dot_eth,1000000
0xcf0C19Baf291B578383Ba758c7D3cFF0b2fCE371,PizzaCheeks,PizzaCheeks_NFT,1000000
0x06ABde114fa8721c0911c8d12785199Cc78A83f4,PJGlitch,pjglitch,1000000
0x56A0D7288147E489E806591C68561Da2Ee369ff9,pl33b,cryptopl33b,1000000
0xFAa5D029D4085C604F2CEb8A7a028c22e7398Be3,Plantae,tmprrycptl,1000000
0x8872913f8fbf05d6B8D3B6F7d941419c834cf653,Platymama,platymama_,1000000
0xa3a332eeB5A68A45C8E002daAD0C89B7C94c3EF3,Plum,Plum_eth,1000000
0xd4eFfb5Dae3b90b1A56e8edCAb64Fa985eE51Fc4,PLY (Philip),philip_yoong,1000000
0x2809ea636e9A9B05AA464fc13587eC54C28f8D44,PoorWhale,poorwhaledumb,1000000
0x7D2f18a0159650Cfad69a1Ae453EBE723fb0E6E0,positivdenqer,positivdenqer,1000000
0x20e6a4c277381476127675F579949d54ad1FB7D4,Prof Neo,anomceg,1000000
0xB47832cA65E661b2b54dE39F24775C1d82C216f9,PromB,PromB8,1000000
0x81dcab1513d88478a3536348d6d7560f2d8762a4,ProudApe,Proud_Hape,1000000
0x5dfA3092bE17f441F85A4B3218A7675f0EFCF9A3,punk vandelay,punkvandelay,1000000
0x5eA12341d073Ec5a1226b85f0478413A19081535,punk3129,cryptopunk3129,1000000
0x3ffFE097b408aa90991e0fA16d3bB46425Af2a06,punketo,punketo_eth,1000000
0x84dC64Dbe834267f242892d725FA11062B26F912,Purplesky,purplesky_nft,1000000
0xe5a752e5011b8e191Dad28882e494065518119a7,qexd,qexd,1000000
0xd3C26Ed9E98101a48d4EA7933F7Fc3C725787000,Quentin,punk6995,1000000
0xE7d341F7A00a8F40D807185F0d2317B0E8491113,Quirk-Borealis,JVaeng,1000000
0x65de6475258e3736e5c7d502d2c0a45710c9ec37,r4v3n,r4v3n_art,1000000
0x1a79636fbf3B42FDdE5790eCAaBa5f11371F59e4,RacBrasti,racbrasti,1000000
0x1cb6fe630F5515557b79C7c4c00dA2693B76abB2,Radagast,cryptoRadagast,1000000
0xE5350D96FC3161BF5c385843ec5ee24E8B465B2f,raging,ragingbitcoin,1000000
0xCB90DD8a79Be00CA9ab62284978cf881c2899346,rainerhosch,rainerhosch,1000000
0x55933bBE5c95DAD58be3272A1e5e413238C0405A,rainydayrein,rainydayrein,1000000
0x092cfF73c77a9de794D25b0088DeD0e430733dbb,Rallsen.eth,rallsen,1000000
0x79F4fD50794a1A15Aaa552278557D6aC3B7d5a0E,Ramesses,RamessesPunk,1000000
0xcB9113D1219dC499786A621D46798c0357E341eF,Ramon,esa_ramon,1000000
0xc2129682857F070AC8348a76c27D0dB3CFCcE47B,ramzesisi,ramzes1si,1000000
0x82B62Ba4A9C1756412ad1249dAa92168CDf5cfAE,ravi,ravibakhai,1000000
0x3310fd13c6C55F054cC128439e1E51Cd0cb16Fed,RCIV,rcivnft,1000000
0xc050fC6dFe0b59CEDbc48892BDcF4fA8F45702f2,RDI,rdi_eth,1000000
0xBF1791a850ea9B1319EDc67865fB0FdaFDF1e5C5,real:TIMER,realTIMER9,1000000
0x0D46cB2116979BCb77ec0b9BeF99a3768384658f,reaser99,huachzua,1000000
0xe853E578D526316D342ED758eE26a1741dC3fc29,RedBeast,yourstorywtf,1000000
0x454eE605b0E070145FadFcE49B072b029099078D,RedruM,RedruMxART,1000000
0xb70b00cC8D5c1430F6c5123e73c7107f88635aDb,reidnol,reidnol1,1000000
0xe194121aaC8f2a1f1f9903D460E1e24b5D1Bad06,Ren,RenAI_NFT,1000000
0xc3057A78aC51Aec5cd69accf3bc5F4D558b8a1e1,Render,RenderTV2510,1000000
0x991b5bcfbb5edafa48bf41dcb2df475b0c9ac9c9,Resaang,Resaang,1000000
0x29d59256cb0303800a34ba867d18cfFAb94CA400,RHINOCEROSS,RhinoceRoss3333,1000000
0xAB81BE93F28664DaF0c1638b483e4f9D2539446e,Rich Caldwell,cafromthesky,1000000
0x44dD6Be7A16Dbce3676e9607269c8BDEbd66DaCf,Richie_Likes_Jpegs,richielikesjpgs,1000000
0xB276923f2A1545E0Dec09281359508679cC34187,ricknetto,rickpix1995371,1000000
0xc94bb9a7485954e17f589e572346cd8b7deadbe1,Robert-the-whale,Robert-the-whale,1000000
0xE10824FD1ffB9951215025EB26CDa42d2D8d9C4C,Robi,air_fishers,1000000
0xEc6422B60a6e1bb3Ce27734f9d0617e74D54306A,RobRunner,robrunn3r,1000000
0x28cc15ff96a35886C2AAA008f8B524115d2cf9Ae,Rock,Love2Ideate,1000000
0x6a4B1C5ee6B9e506B7f427EdD0F9B9ea8361244C,rocknrollerz,simplefits,1000000
0xFEd93F0Ad93fF25993274D8245a2bB2133de38C0,Rodo,0xrodo,1000000
0x544071711d26867EE9E2Bc6eB8146655DA78E069,RonnyGuy,RonnyGuy,1000000
0x8355278e2C9b3F3a1C2400E5eb3eDc847e47bC14,Roughnex,r0ughnex,1000000
0x74ea90bf935A32eFE0117a6df75D75Be0EE1D69C,roundshades,roundshades1,1000000
0xa27C2089d6F4574c40040fc83d3BeE06318B1f75,RoverZeroX,roverzerox,1000000
0x6A0129cee67778cd45Df5A35A3802E4fD80b77B9,Rugema,MyRugema,1000000
0x499B3a83E1d9802086A5FAEA4773fb5d798594bF,runj,runj,1000000
0xcC52FeFb566a2e68aaC7154ee53ACE5A658FFD9A,Rush,Rushweb3,1000000
0x072c3EE4e4C5E4eAbB7F484738797fbF260f056B,Rusty,rusty_dusty__,1000000
0x6584B48CCeBD9c3E4413a1dd4CDBC38B2500cDF3,Ruud.eth,Rudimental_eth,1000000
0x72f1b094B3D64fb6c3378a26A71A0972Fb65d1f8,ruuted,ruuted,1000000
0x53D63286426A8051A707d5b7d17E28aaAD10A411,rvuelma.eth,robertovuelma,1000000
0x4E60C2E7181EDFc5471C0cBC8D485706d1b35686,RyanSterling,RyanKSterling,1000000
0x396Aa7D043a1B5142f1B8fcd55daCEac41D50a92,Sachryl,WELD_Sachryl,1000000
0xb9684d37A9f473b8Db38cAa211fbB68723a4804e,sadboi,SamWinst1,1000000
0x2820930e1f7BBf5aF46602b37941eE51a31e6CD9,SafZ,Crypsaf,1000000
0xbef93feBe1fE5AD75eD76A0bCE09D13D00303874,Samwise,Jpegss,1000000
0x9748369d3D8C6e985867B38995dC5cE7865bf992,sanguineseal,sanguineseal,1000000
0xd155820cAE1712a5D61F34d7b35e0d705Dd15394,sara ma,Caracolito_El,1000000
0x57114DF330FC5B5f176E84aC012CdF8dFdf9244F,Sascha0815,sascha0815,1000000
0x3401eA5a8d91c5e3944962C0148b08AC4A77f153,satman,satman78704554,1000000
0x51ec5e1b8B3C4C6baE49619e657F94C4AD577b45,Scalynelson,Punk3178,1000000
0x9F128b52128027dD6eA9892f741519979D36FA34,Scamart,Scamart_0v0,1000000
0x4Ade4E108d7487cb69502C71eFeF20dC917cCb9b,Scheff,NFTscheff,1000000
0x0263cd2D3b380532C51Db1DB36E8d209bFef35f4,schelebration,schelebration,1000000
0xdBd586CE58214a4326310a9592D9Ea4F39345aAE,Schism,0xSchism,1000000
0x0f5Caa575B047149eC736d25687E5F16e09f3037,schofield,Schofield_ethh,1000000
0xd47AFDEEadB49E9a89CB42E7c4cc1D316007b59D,SEAN,seanwebfree,1000000
0x214bBD2249D99fDcC134C84e97207a6cE6746dF4,seanbonner,seanbonner,1000000
0x38B671931757771DEe3b33fd0DcE6c3641eEbD68,Seizzi,Seizzi,1000000
0xAEaa50BDEeb4d6dEEF75C889a63420e88b205aC1,sengsengseng,sengseng84,1000000
0x8a8035F056af830B7205c58c1dC037f826fc2B92,serc,serc1n,1000000
0xA005d8d19BB166C1263e23D06f697827cAA1F864,Serine,Sser1ne,1000000
0x813D9AFe8da7768c468d5330bb18175916f29c7f,SEYYED,Crypto00001,1000000
0xA2dCB52F5cF34a84A2eBFb7D937f7051ae4C697B,Shai,shaimo,1000000
0xCE7A9F981a2a79C79340297EDFf7BB6B73f71913,shaka,shaka4909,1000000
0x56f70a0bbfefa9db41f024198c7185107f42bac2,Shane Lavalette,shanelavalette,1000000
0xAd7fe03AC29975833Ab3404651eacF73CCBfe110,Shasan,OkayBear9373,1000000
0xe01A97FC4607A388a41626D5e039FDEcbfC6ACd9,ShattGPT,Shatt_Eth,1000000
0x1e9eaa732Cf68D71f3AcFF414254fa5f4C6DC96b,SheFlies,sheflies_eth,1000000
0x211E8C1B6cb5A0162a95e07A3bF173f954E76af2,Shepherd,dotdotnfts,1000000
0x89b68cba02637cfb1266f0dece2856b040b563c3,Sherbs,Sherbs_Mode,1000000
0x2B0386bbDd314d8356C21f39BE2491F975BD6361,shibboleth,shibboleth88,1000000
0xc2e2507d04f0283993Fe6064f76429DBc0823A74,Shokisan,antcat555,1000000
0x7971e007A4E4D4dc1F8380f5d91d3F52B5e53461,Sickles,dan_sickles,1000000
0x661722ddFB0e38b5394832812CFd9ef0388c904e,SidXO,SidXOwozere,1000000
0x60d0CD7B931641d405C88712b87E610FDC47AF3f,Silentmode,SilentmodeDM,1000000
0x42d358778DFB90C4Bac92DA6F4B4Fe5b1B04560f,Sillytuna,sillytuna,1000000
0x5E70FABE6b61296f11ab5Ebe818BAddA64352E77,Simon Clowes,simon_clowes,1000000
0x47d8404fCD1c52E6642C7eD374FaB052b381Ccc1,SimonSays,0xsimonsays,1000000
0x00E03083AC284A63C450487B5d4536Fd28DF58B6,Sir PantsALot,SirPantsALot2,1000000
0xcc6Abe9a21017B002e0B92bF1fe29269c8dE2F88,slabbed,callmeslabbed,1000000
0xda1437f9e5d121beE825907bc7BB367FcBb0bd2E,Slabber,slabberdan,1000000
0xBff6A570a77ae661bef90719C0B72AF288d5Bf39,Slim,slimtimmins,1000000
0x374024F4b6216bb908CD4930083141789a7e9609,SML,Punk3395,1000000
0x04aDc7f18ff5d61AB37b90710f5b1E0A6D4fd98C,smlchamp,0xSMLChamp,1000000
0xA72Dd288B659C8F9c8279751B25af28a2b4E631a,Smokeys,aramistcm,1000000
0xF86f5Dc6FE8b08D37421Cd8E62922af6849c69F3,Smol brain,smol_crypto_brain,1000000
0x475d8fbc0c4115f8fa8c86dda8814b1401d77141,SmythMr,SmythMrNFT,1000000
0xF466F29a2b7308bf462365721bdAE95F9f57Ca8d,Snakechild,sssnakechild,1000000
0x9AE8912ea6562957043c8d048641Aa9B450c397f,Snax,snack_man,1000000
0x7990bB4e9d78E58e3A14e8c9f796192CD8907C73,somchai,Somchaidotavax,1000000
0xbe957a475844c127ddd207b4ff1f63900fd13e57,SonOfLasG,Sonoflasg,1000000
0x22389c18E49Fc71A76C175589db4894E74EdBDaE,SophiaXXXX,pinkpinkpink420,1000000
0x8a3db9109F2eF0D234B6CA0B7a08f9Bc63efd9A2,soror,MrSoror,1000000
0xa59c552a3Bcf5F0465ea2279E8187d361B170bf2,Sparkz,hawaiianft,1000000
0xaC048fE9D4B28c6aAb7B5B6209C157f1Cb1d0875,Spartapuss,SpartapussNFT,1000000
0xF6d47763f157f42E8BD711A3B41510267eaF4ba1,Spooky,NftSpooky,1000000
0x4c4791E1259dfD836a8ABc943C1389E244F401D1,SprayD,SprayD,1000000
0x69ee509a19DC8959d9160E914453Ca7F3f300566,SquirrelCheese,Ishak_Nazar,1000000
0xD0DaDdF983fce88BeF3F10fC12280d0f0cD1208c,sssluke,sssluke1,1000000
0x6cB3e775218c9f5C7cF090158F2500B8A845278d,Starboeii,Starboeii,1000000
0xf3098ED2E0fc0433B5581D0A93be3C5916fE41B2,Starlordy,Starlordyftw,1000000
0xf9EEdDAA063cc799A80aDa98E17670Aef29E24c9,stenzord,stenz0rdj,1000000
0x57ae8FbDd6fC59Db87595D07dc4F5eC19A3C562F,Steph Kong,imwhatisayiam,1000000
0x35A549FECB0882F3299226842AF9163Eb2F508d6,StephyBeck,stephybeck92,1000000
0xcD9E0fE98bfe8D06B52fF93aBF12b2a63FEd2bc8,Steps,0xSteps,1000000
0x71773bC122Fe810B6a83F20327E9AC9377791527,stereoscopic,stereo_scopic,1000000
0xB876e9e9d89998a483Dc9FBf83a12ecaB172AC9f,sterling crispin,sterlingcrispin,1000000
0xb264DD1aC9b17f5D7E707bB88322F44F3C60c270,SteveZ48,frensandmore,1000000
0xc5C5206700f7472e922E8A0D73d71b41261cD154,Stodiolet,Stodiolet78,1000000
0x227d93B231e70e7a6618D8bcb7eB68dC3D414F14,Stranger,Stranger_NFT,1000000
0x31f90c16b9dca1da6cc4b8e1c9c803b1e341edf5,Stu.art,Pisgahlily,1000000
0xBFe6b1cD14DF548B40A0eE2f2bBB67eC3F09Dc1C,Sumeyra Yuce,sumeyrayucee,1000000
0xD4a08cF067c83d1B2Cc1D26831569b7850804bE7,Supertopsecret,superpotsecret,1000000
0xd2C264469C4Bcf2D1e04F4779A93765Abd94E203,Suzanne,nf_suzanne,1000000
0xe29f5C718717ef856eace04E5a2863e5EC84e4E2,TACSantos,thacioacsantos,1000000
0xe5d009bbcE5a5D7ab9c6c2B1b0A56F9B98297Cff,Taj,Tajnft,1000000
0x13c39B3e6E6159Bc233Fad90825f1F9F84fcb102,Takamura,ricardotakamura,1000000
0xAe5Ed074a5727Ae41738C0482eD68719ad0baCe4,Tapioca,1Tapi0ca,1000000
0x19D0ECB21628A55B0D79C49EF97d404Cf36571f9,Tara,TaraWorkman_,1000000
0x0a023141B584413D533c36C1872F7193066dA60c,Tarisde,Tarisde_nft,1000000
0xDE28A235CbCF504B4551f6b37BFA1190A7b08FcC,TCF,Soul_Eater_43,1000000
0x12eb7ed1e15d383ee21338676067530c83551796,teaplease,okasrden,1000000
0xBff19119C11f45c4A0967a7fE6D38a29C9eAbEFa,Tedpreved,alphad0re,1000000
0x76Ec6ef5097B493BBA8FF5a6D110b77e8197AAAc,Tee,custeemade,1000000
0x8b2520d7D5B68851d2f2992dCbc4173F0AA4021d,terfili,Terf1L1,1000000
0x58FE85134e6553ed24052FCf87f479d281614fd7,Terran,T3rran_eth,1000000
0xb9Fe66b3440eDd0cF5F1d1A55c75f8A8e59B6cb2,thatFinchguy,thatfinchguy,1000000
0x1641964AED9635aB1F8ecE9294142D6Ab4FF81A5,The Black Void,theblack_void_,1000000
0x932E72f6D44cC703dAdc2c0bd468Beb5437ab8a5,thearchitekt,TheArchitekt_,1000000
0x98f1BdA2d45ffacA73fCF2154E9E007871e14934,TheBenMeadows,TheBenMeadows,1000000
0x1D79611EBe9cEd305775D5990cdbC80863ab8f3E,TheBigO0O,ckapibara,1000000
0x7DEb4bB52b4235C8F68C70e0480dF2Aa3329DEE8,TheFrogfather.eth,TheGodfather069,1000000
0x1E8F0247bf90deD7018eC9F7521074178082B551,TheHejz,TheHejz,1000000
0xb4aa5aedf4dcbe3e0755a19575e5c69164d43e70,ThePunkAnimator,ThePunkAnimator,1000000
0x10BBAd85b0d79F279EDBb10b3DB5444C2E222C80,TheRealCarlo,carlolgarcia,1000000
0x54E91e9D6022f67448cf0A09473d1D1666b65283,TheRex,cryptoTheRex,1000000
0xA9642b2b486f07d5185C96a0C919448CbfF6ed34,thodoris1337,thodoris1337,1000000
0x5B7F60E4A18db6E93f3C9CF04843FCb011181107,ticklesnarf,ticklesnarf10,1000000
0xBeCa6bc671F23392F789Ca12bC5e383245892B52,tiger_aspect,tiger_aspect06,1000000
0xB5F219DCFDDa5623C28bAcD376B0f317017B31B8,Timbofet,Thistimm,1000000
0xb40e296d1eb1aA2ce72Bf687Fff1A77C9c42C9f1,TJ Thorne,Tjthorne_photo,1000000
0x07d9736B2De5950a4F192A45cb97deA6FE25dB79,Tjea,eberhardzz,1000000
0x8FAAaAb6F9cc69Cc7C78c332dc02837a6556Df2F,TMSOliveira,OliveiraTms,1000000
0x6491db65F8AC5380FE06132Cce77372cbbe8da85,Tobrizzle,thomas_g_obrien,1000000
0xE491f1393dc20C298705D9A6c61C966594C753f1,tokenbaldguy,tokenbaldguy,1000000
0xA158FFb97Cc5b65c7c762B31D3E8111688ee6940,TokenJuggler,TheTokenJuggler,1000000
0xC3018F53B44A403f118115e3057f8DCE419780fF,Tomass Wolf,sharksportbet,1000000
0xE3d2B089BBe02c6542fcF61658F82e7f1B1A57CA,tommyseawood,tommyseewald,1000000
0x5d9e8aF2a89f095aC78F59B98588dC3E60a221cB,TomXP,TomGamesLab,1000000
0x06497D5C9F9f4939BB7871f36a1560528601655C,Toni Marinara,Toni_marinara,1000000
0x94de7E2c73529EbF3206Aa3459e699fbCdfCD49b,Tony Herrera,tonyherrera,1000000
0x24FBaDCCd6684106E24065694aC87B0e98819235,Tony Sellen,ts446photo,1000000
0xFF559FC20D9B6d78E6E570D234B69c18142BB65e,Tormius,tormius,1000000
0x5f5bf4bB177208CCD956252458Ae060dEEaC5C2c,toro,toro_eth,1000000
0xb89c2F6Bb674BD6aACe2a1E274D40E6dC4775b15,Tschuuuly,Tschuuuuly,1000000
0x461fE1514cE1Ef363e04F1d57b23A3Ff2AdDeCcD,tuncaliyasin,tuncaliyasin,1000000
0x38ba7aa30c96a6e2afaf5d66f0cf74ea7cf6d5da,Ubu,Ubutoo,1000000
0x63aB21c9c03573e7DB966D6D33C0F3b3dD481e54,Ucfchuck,ucfchuck5,1000000
0x5EEb21cD9535c3130E683e5fFA51d25AE0926150,UchiWala,uchiwala,1000000
0x1d100A1e4ea39e5b310a73C31045ba9595D84A13,Ugly,Ugly2PointO,1000000
0xd7d1c6484E4B8B3c09C7b9Ca8722aa52b0046C12,ultracrepidarian,bayc3256,1000000
0x0f58483F40F9fbB6F62f4429047328F2aEf3Bc10,ulut,soguksoba,1000000
0x99f9C0821AD4948207244385F3C0CCD98a595780,uniok,CryptoUniok,1000000
0x6b44f348D121080F54A64e06077AbEc48f6Bed32,User2Remade,User2remade,1000000
0x553e14CA44FB87461e793D4e5f8658d0bb31BE47,Usman,UsmanPatel_,1000000
0x60Ef615EEb9D68B00BFC6A40C783cde18923F542,UZEE,XUZEEX,1000000
0xeE2a2E390887E9bda9f869b041ccdcB9bFCd56dc,Valkiz,valkiz_jr,1000000
0x30Bc67AE4413e558Cc7670b4024CAb3C627115BD,Vapour,Vapourfriend,1000000
0xcc5b34901772D791069b069B5246222A62f7F16B,Vato,VatoOnChain,1000000
0x312226D46fF38E620B067EFad8d45F8c0E92e2B2,VavityVa,VavityV,1000000
0x9659fea40afd9d06a699fe913d21ecdb43bd62c2,vGarsel,vGarsel_,1000000
0x9F200C031A541D2A3223889a2e26C92D72828061,viktoria,godsikov,1000000
0x9c370d3622382C88DADD2B7A7aFebf57D86eee1c,viN,v1N_ce,1000000
0x4f7557376f3b3ae5908f04a095b4951a34371514,Vin1penny,Vin1penny,1000000
0x895Bef95023F591eBD1a9E8F53bEd2B73702E4d1,VivianeG,vivianegbr,1000000
0x7C293364f42425aDD2cf2AE1450Ea36075076E0A,VladJan,VladimirHovsep2,1000000
0x8Dbbca57Ea56290Efa14D835bBfd34fAF1d89753,VonMises,Vonmises14,1000000
0x6e8BCab428A6AbBD3B2a04d5BDC0905f7B6F77b3,VRPunk,VRPunk1,1000000
0xd5cb4Ce53100100DC4E59366B8A807650898bBD5,VUX,VUXverse,1000000
0x37781de47983576E45D981038710842666ab5237,vvribeiro,vvribeiro_,1000000
0x9023Ef16968FFea318838A223ef2A79bd9f99F88,Wades,Wades_ETH,1000000
0x7decf7a31168778f311c57b9a948abaa7321001e,Warrenhimself,nullinger,1000000
0x9F21e67CF61dd758df39F2AE9EEF1DF43807Cb29,Welding Punk,WeldingPunk,1000000
0x26773472E4440415a5fe4252b671cdC59fcAdbe9,Wermitalia,VistaVagabond,1000000
0x4d6dFfda05cF271147EB3494b23791F08965D51E,whunder,whunder_eth,1000000
0x6D53f797250be5e72435aEAA55cE03f9019fc5a4,Widz,widzeth,1000000
0xc2F3F03fd3b2e0Ef7990013efe9F29296ffbD533,wiegimania,wiegimania,1000000
0xa25803ab86A327786Bb59395fC0164D826B98298,Wilcox,Wilcox_NFT,1000000
0xe66119846a1Ebe948Ea147656B08742479cEf006,Will,ij_will,1000000
0xA79ABB5FD8b04706F4964AEE6e0ef3CbdB71fae3,Wind,Mantaray2022,1000000
0x1da37FCf2E0403057D61aAf0983832F17622a165,Wolf-Metal,lupoangeloberto,1000000
0x6a3bF16Bba8D8e9b9738c0e97940f3F5e55D2417,Woofy,Woofy_btc,1000000
0x403AfDf9Ea925D3b48E719a44610da1679a57651,wsavas,wsavas,1000000
0x02B165144c45F30452CCBbdA356De42316B89626,Wubbushi,Wubbushi,1000000
0x2Cf84928261F655A47d04EC714D3Bedf9375De46,Wuestenigel,Wuestenigel,1000000
0x3945bFec7Cd93B50c3D56dbbAb3951C869659BD1,WWallace,W__Wallace,1000000
0x17241b25D7d8BACA494e3203c5e8064884c95d75,xai.eth,xAI_eth,1000000
0x8f2df56bCeCB03e9118a8c78b454e7eCf1592872,Xeer,Xeer,1000000
0x7b49F722ff9b35F920ef482474De0c856a3A5737,Xilian,Xilian310,1000000
0x42086fc0230e1D5d171d1313aCc9A5292bCeB046,Xtern,xtern3993,1000000
0xdF4D045006e611A68126c8CC6a90744232757fE6,XUM,xum_eth,1000000
0xDDFDdb093FA4af2Df774bf9f91310470dbe43C84,yagizkocabiyik,yagizkocabiyikk,1000000
0x5F6d0F81a0a7D5CB02DbeCbfCabE7cAa04F093fc,Yahav,Yahav_web3,1000000
0x2ecA7Bec245df80D7b66B4C0672f4A394A07918f,YatMaxi,yatmaxi,1000000
0xcB69E5937a5EC15D42B2F1C3CB8Fcd2fA294d065,ye,msbwy_eth,1000000
0x28CB581c4DBF4cC3C26a18912C3Fd9235D452D27,YeeitsDan,wookyee8,1000000
0xaE8816C61A51426f7172e241A7f0009EE4CFD274,Yeezy,Yeezygoudou,1000000
0xa2ccad476f38c5582f0093db115e3861c4888600,Yegor,0xYegor,1000000
0x8Dd62416Fa3c6EfADA57eB7A6383885045390204,Yeungna,yeungna2622,1000000
0x46a49fC321D0C7F2e566B8CC1b0080Be92e3E0f5,Yilinren,Yilinren1,1000000
0x7bcE7Acea945913E6618f51959410E1c8AaFC530,yogi93,_WeTheNorth93,1000000
0xA224c10b72d433a14e521dC3b895a6f2026a53E5,Yorks,generativepoet,1000000
0xD2ef9021420F3977a7AdFa96c70DA210606484Ea,Yourxvirgo,Yourxvirgo,1000000
0xfa8F41a6416175A408a595EB4f5FbED7Eb23D135,Yuko,yukokosaka,1000000
0x1531a9dD7B4f5eA0e2C2a9B4e3b9881f22eC71C6,Yurii,wdp_portugal(instagram),1000000
0x875d1d7Ac0FE66C98eb619d75ccaC87d3f3B458f,Yuvi,imjustyuvi,1000000
0x491875DE96e72E52c6fC3c74AEa61319Fe1d0e82,Zack,pnw_zack,1000000
0xC6234427C69e3bd5ffF0dd6945bd6d7A3471f542,Zanzibar,ZanzibarVenturz,1000000
0x03a89814B2BFD5DF55D74aA169Beae659F876324,zaros,zarosgg,1000000
0xdb7C8C3b8A76148B81a2bf0E890a12D91437eb8A,zdunsky,herox93,1000000
0x886478D3cf9581B624CB35b5446693Fc8A58B787,Zeneca,Zeneca,1000000
0x50E8810982ca3c5478cF3d736c564E551dFe2C6C,zeroXnft,zeroXnft,1000000
0x379309D50E5Cac65770f89ccD5fB46A3C2ce5F3a,ZimmerAllDay,ZimmerAllDay,1000000
0x9343140F1D6f6830E9465fc35EE17007a2689bEa,Zoroaark,zoroaarketh,1000000
0xbf47fe944705aed612143c49315ae0d9161c7a97,ZpLand,Zp_land,1000000
0x7Fb9a9E3089814AEB915D7fFf2ABF59b63B718D8,Zzoja,Zzzojazzz,1000000
